id,name,value,stage,utm_source,utm_medium,utm_campaign,expected_close_date,actual_close_date,created_at,updated_at,notes,salesperson,close_reason,company_id,reported_source
20,Arktura,45750.0,closed_won,Google,Paid Search,None,,2026-01-22,2026-01-22 16:31:59,2026-01-22 18:33:56,None,Ty Murphree,,16,gfdgds
21,WEILAND DOORS,1675.0,closed_won,None,Paid Search,None,,2026-01-22,2026-01-22 17:05:03,2026-01-22 18:33:36,None,Ray Bishop,Better features,11,
26,MAX Series - Albert J Wagner & Sons,34522.0,new_deal,,Paid Social,,2026-02-11,,2026-01-23 20:51:41,2026-01-23 20:51:41,,Nate Steele,,,
27,MAX Series  - Jordan Johnson,50857.0,new_deal,,Paid Social,,2026-02-11,,2026-01-23 20:51:41,2026-01-23 20:51:41,,Nate Steele,,,
28,MAX Series | Gulf Coast Fleet,39987.5,proposal,,Paid Social,,2026-02-11,,2026-01-23 20:51:41,2026-01-23 20:51:41,,Ty Murphree,,,
29,Max Series | Adams County Laser,34477.1,proposal,,Paid Social,,2026-01-30,,2026-01-23 20:51:41,2026-01-23 20:51:41,,Ty Murphree,,,
30,Max Series | Aerotar,39222.5,proposal,,Paid Social,,2026-01-29,,2026-01-23 20:51:41,2026-01-23 20:51:41,,Ty Murphree,,,
31,Max Series | MR. Bender LLC,42326.0,proposal,,Paid Social,,2026-01-29,,2026-01-23 20:51:41,2026-01-23 20:51:41,,Ty Murphree,,,
32,MAX SERIES | Endless Air,15995.0,closed_won,,Paid Social,,,2025-12-31,2026-01-23 20:51:41,2026-01-23 20:51:41,,Ty Murphree,,,
33,STACK MAX | MAXIMUM CONTRUCTION,22695.0,new_deal,,Paid Social,,2026-01-21,,2026-01-23 20:51:41,2026-01-23 20:51:41,,Ray Bishop,,,
34,MAX Series - Rocha Brothers,18339.6,closed_won,,Paid Social,,,2025-12-15,2026-01-23 20:51:41,2026-01-23 20:51:41,,Nate Steele,,,
35,MAX Series - Boca Sign Works,19107.78,new_deal,,Paid Social,,2026-01-07,,2026-01-23 20:51:41,2026-01-23 20:51:41,,Nate Steele,,,
36,MAX Series - TH Laser Inc,40734.44,new_deal,,Paid Social,,2026-01-02,,2026-01-23 20:51:41,2026-01-23 20:51:41,,Nate Steele,,,
37,MAX Series - T Sanchez LTD,19113.5,new_deal,,Paid Social,,2026-01-01,,2026-01-23 20:51:41,2026-01-23 20:51:41,,Nate Steele,,,
38,MAX Series - MIW Fab,49762.5,new_deal,,Paid Social,,2026-02-25,,2026-01-23 20:51:41,2026-01-23 20:51:41,,Nate Steele,,,
39,MAX Series - R & R Roofing,22801.0,closed_won,,Paid Social,,,2025-11-20,2026-01-23 20:51:41,2026-01-23 20:51:41,,Nate Steele,,,
40,MAX Series - FF Gomez,43848.0,new_deal,,Paid Social,,2026-01-30,,2026-01-23 20:51:41,2026-01-23 20:51:41,,Nate Steele,,,
41,STACK MAX | INNOVATION LASER,38490.0,new_deal,,Paid Social,,2025-12-13,,2026-01-23 20:51:41,2026-01-23 20:51:41,,Ray Bishop,,,
42,MAX Series - MWB Fabrication,50283.0,negotiation,,Paid Social,,2025-12-13,,2026-01-23 20:51:41,2026-01-23 20:51:41,,Nate Steele,,,
43,MAX Series - Hardwick Machinery,26407.0,new_deal,,Paid Social,,2025-12-11,,2026-01-23 20:51:41,2026-01-23 20:51:41,,Nate Steele,,,
44,MAX Series - Terry Sweatmon,20949.6,proposal,,Paid Social,,2025-12-10,,2026-01-23 20:51:41,2026-01-23 20:51:41,,Nate Steele,,,
45,MAX Series - Bay Machinery Company,22155.0,closed_won,,Paid Social,,,2025-11-10,2026-01-23 20:51:41,2026-01-23 20:51:41,,Nate Steele,,,
46,STACK MAX | Stead Fast Displays,24585.0,new_deal,,Paid Social,,2025-12-06,,2026-01-23 20:51:41,2026-01-23 20:51:41,,Ray Bishop,,,
47,Pro Series | Trailblazer Woodworks,22765.0,closed_lost,,Paid Social,,,2025-11-17,2026-01-23 20:51:41,2026-01-23 20:51:41,,Ty Murphree,,,
48,MAX Series - ECS Roofing,38247.2,new_deal,,Paid Social,,2025-11-26,,2026-01-23 20:51:42,2026-01-23 20:51:42,,Nate Steele,,,
49,MAX Series - Propell,82998.75,new_deal,,Paid Social,,2025-11-26,,2026-01-23 20:51:42,2026-01-23 20:51:42,,Nate Steele,,,
50,MAX SERIES | Travis Kernick,43318.5,closed_lost,,Paid Social,,,2025-11-25,2026-01-23 20:51:42,2026-01-23 20:51:42,,Ty Murphree,,,
51,MAX Series - JK Corp,56861.8,proposal,,Paid Social,,2025-11-21,,2026-01-23 20:51:42,2026-01-23 20:51:42,,Nate Steele,,,
52,PRO SERIES | Brian Johnson,11295.0,closed_lost,,Paid Social,,,2025-10-14,2026-01-23 20:51:42,2026-01-23 20:51:42,,Ty Murphree,,,
53,FOLD-AWAY CART | SHOPIFY,1225.0,closed_won,,Paid Social,,,2025-10-09,2026-01-23 20:51:42,2026-01-23 20:51:42,,Ray Bishop,,,
54,STEELSTACK | Collier Roofing,70683.75,closed_won,,Paid Social,,,2025-10-06,2026-01-23 20:51:42,2026-01-23 20:51:42,,Ty Murphree,,,
55,STEELSTACK | South Coast Welding,72053.45,closed_lost,,Paid Social,,,2025-10-30,2026-01-23 20:51:42,2026-01-23 20:51:42,,Ty Murphree,,,
56,MAX SERIES | E-Z Drill 56126,25841.25,closed_won,,Paid Social,,,2025-10-02,2026-01-23 20:51:42,2026-01-23 20:51:42,,Ty Murphree,,,
57,STEELSTACK | Speedy Metals,20397.4,closed_lost,,Paid Social,,,2025-10-30,2026-01-23 20:51:42,2026-01-23 20:51:42,,Ty Murphree,,,
58,STEELSTACK | Go Underground Utilities,38781.25,closed_lost,,Paid Social,,,2025-10-30,2026-01-23 20:51:42,2026-01-23 20:51:42,,Ty Murphree,,,
59,STACK MAX | KEVIN,43490.0,new_deal,,Paid Social,,2025-10-22,,2026-01-23 20:51:42,2026-01-23 20:51:42,,Ray Bishop,,,
60,STACK MAX | DEVIN,19095.0,new_deal,,Paid Social,,2025-10-16,,2026-01-23 20:51:42,2026-01-23 20:51:42,,Ray Bishop,,,
61,STACK MAX | MANUAL,24195.0,new_deal,,Paid Social,,2025-10-05,,2026-01-23 20:51:42,2026-01-23 20:51:42,,Ray Bishop,,,
62,STACK MAX | STICK CAN FIX IT,35090.0,new_deal,,Paid Social,,2025-10-04,,2026-01-23 20:51:42,2026-01-23 20:51:42,,Ray Bishop,,,
63,STACK MAX | Dohrmann Enterprises,15995.0,closed_won,,Paid Social,,,2025-09-18,2026-01-23 20:51:42,2026-01-23 20:51:42,,Ray Bishop,,,
64,STACK MAX | JEROMY,17995.0,new_deal,,Paid Social,,2025-09-10,,2026-01-23 20:51:42,2026-01-23 20:51:42,,Ray Bishop,,,
65,STACK MAX | SHAWN,39590.0,new_deal,,Paid Social,,2025-08-31,,2026-01-23 20:51:43,2026-01-23 20:51:43,,Ray Bishop,,,
66,STACK MAX | American Ramp Company,40985.0,closed_lost,,Paid Social,,,2025-08-12,2026-01-23 20:51:43,2026-01-23 20:51:43,,Ray Bishop,,,
67,STACK MAX | Terril,62985.0,closed_lost,,Paid Social,,,2025-10-14,2026-01-23 20:51:43,2026-01-23 20:51:43,,Ray Bishop,,,
68,STACK MAX | Star Engineering,17695.0,closed_lost,,Paid Social,,,2025-10-14,2026-01-23 20:51:43,2026-01-23 20:51:43,,Ray Bishop,,,
69,STACK MAX | UTAH STEEL,92580.0,closed_lost,,Paid Social,,,2025-07-21,2026-01-23 20:51:43,2026-01-23 20:51:43,,Ray Bishop,,,
70,STACK MAX | RACE CRAFT,92170.0,closed_lost,,Paid Social,,,2025-10-14,2026-01-23 20:51:43,2026-01-23 20:51:43,,Ray Bishop,,,
71,STACK MAX | Spurk HVAC,22145.0,closed_lost,,Paid Social,,,2025-10-14,2026-01-23 20:51:43,2026-01-23 20:51:43,,Ray Bishop,,,
72,STACK MAX | TRANSIT CHICAGO,85030.0,negotiation,,Paid Social,,2025-08-06,,2026-01-23 20:51:43,2026-01-23 20:51:43,,Ray Bishop,,,
73,STACK MAX | SOUTH FLORIDA METAL ROOFS,51985.0,new_deal,,Paid Social,,2025-08-06,,2026-01-23 20:51:43,2026-01-23 20:51:43,,Ray Bishop,,,
74,Innovative Machine and Supply,33487.2,closed_lost,,Paid Social,,,2025-10-13,2026-01-23 20:51:43,2026-01-23 20:51:43,,Nate Steele,,,
75,Florida Roofing and Gutters,19365.0,closed_lost,,Paid Social,,,2025-10-13,2026-01-23 20:51:43,2026-01-23 20:51:43,,Josh Hubbard,,,
76,Martin Pitts Construction,30485.0,closed_lost,,Paid Social,,,2025-10-13,2026-01-23 20:51:43,2026-01-23 20:51:43,,Josh Hubbard,,,
77,Outdoor Elements,50890.0,closed_lost,,Paid Social,,,2025-10-13,2026-01-23 20:51:43,2026-01-23 20:51:43,,Josh Hubbard,,,
78,Red Rock Leasing LLC,50135.0,closed_lost,,Paid Social,,,2025-10-13,2026-01-23 20:51:43,2026-01-23 20:51:43,,Josh Hubbard,,,
79,MAX SERIES - Texas Air Duct Systems,38890.0,closed_lost,,Paid Social,,,2025-10-03,2026-01-23 20:51:43,2026-01-23 20:51:43,,Josh Hubbard,,,
80,Termac,77760.0,closed_lost,,Paid Social,,,2025-10-13,2026-01-23 20:51:43,2026-01-23 20:51:43,,Josh Hubbard,,,
81,MAX Series - Lone Star Cutting Solutions,20557.0,closed_lost,,Paid Social,,,2025-10-03,2026-01-23 20:51:43,2026-01-23 20:51:43,,Nate Steele,,,
82,MAX Series - Metal - Ops,82871.0,negotiation,,Paid Social,,2025-06-28,,2026-01-23 20:51:43,2026-01-23 20:51:43,,Nate Steele,,,
83,MAX Series - Capsa Healthcare,129324.0,closed_lost,,Paid Social,,,2025-10-13,2026-01-23 20:51:44,2026-01-23 20:51:44,,Nate Steele,,,
84,MAX Series - GMT Captial,26748.65,closed_lost,,Paid Social,,,2025-10-03,2026-01-23 20:51:44,2026-01-23 20:51:44,,Nate Steele,,,
85,MAX Series - LeAtelier Paris,16791.95,closed_lost,,Paid Social,,,2025-10-02,2026-01-23 20:51:44,2026-01-23 20:51:44,,Nate Steele,,,
86,MAX Series - Simmons Machine,22406.1,closed_won,,Paid Social,,,2025-02-03,2026-01-23 20:51:44,2026-01-23 20:51:44,,Nate Steele,,,
87,MAX Series - AVCON Industries,90929.0,new_deal,,Offline Sources,,2026-02-15,,2026-01-23 20:51:44,2026-01-23 20:51:44,,Nate Steele,,,
88,MAX Series - Paramount Welding,17799.0,new_deal,,Offline Sources,,2026-02-07,,2026-01-23 20:51:44,2026-01-23 20:51:44,,Nate Steele,,,
89,RESTACK - CMS/ERM,3580.0,new_deal,,Offline Sources,,2026-02-04,,2026-01-23 20:51:44,2026-01-23 20:51:44,,Nate Steele,,,
90,MAX Series - QA1,43521.0,proposal,,Offline Sources,,2026-02-04,,2026-01-23 20:51:44,2026-01-23 20:51:44,,Nate Steele,,,
91,Max Series | Vapor Honing Technologies,52190.0,proposal,,Offline Sources,,2026-01-30,,2026-01-23 20:51:44,2026-01-23 20:51:44,,Ty Murphree,,,
92,MAX Series - Top Shop,55650.0,new_deal,,Offline Sources,,2026-01-22,,2026-01-23 20:51:44,2026-01-23 20:51:44,,Nate Steele,,,
93,MAX Series - NOX METALS,152190.5,new_deal,,Offline Sources,,2026-01-21,,2026-01-23 20:51:44,2026-01-23 20:51:44,,Nate Steele,,,
94,MAX Series - Gladwin (Germantown Iron and Steel),31329.4,new_deal,,Offline Sources,,2026-01-14,,2026-01-23 20:51:44,2026-01-23 20:51:44,,Nate Steele,,,
95,MAX SERIES | KG Fabrication,39751.25,negotiation,,Offline Sources,,2025-12-17,,2026-01-23 20:51:44,2026-01-23 20:51:44,,Ty Murphree,,,
96,MAX SERIES| Leif,39133.4,closed_lost,,Offline Sources,,,2025-12-02,2026-01-23 20:51:44,2026-01-23 20:51:44,,Ty Murphree,,,
97,MAX Series - DSI Manufacturing,111218.0,new_deal,,Offline Sources,,2025-12-04,,2026-01-23 20:51:44,2026-01-23 20:51:44,,Nate Steele,,,
98,MAX Cart - Reading Truck,28256.45,new_deal,,Offline Sources,,2025-12-04,,2026-01-23 20:51:44,2026-01-23 20:51:44,,Nate Steele,,,
99,MAX SERIES | Titan Metals,72090.0,negotiation,,Offline Sources,,2025-11-29,,2026-01-23 20:51:44,2026-01-23 20:51:44,,Ty Murphree,,,
100,MAX SERIES | MEC INC,73890.0,closed_lost,,Offline Sources,,,2025-11-17,2026-01-23 20:51:44,2026-01-23 20:51:44,,Ty Murphree,,,
101,MAX Series - OptoSystem,74091.25,new_deal,,Offline Sources,,2025-11-26,,2026-01-23 20:51:44,2026-01-23 20:51:44,,Nate Steele,,,
102,MAX Series - CMS / ERM,40145.0,closed_won,,Offline Sources,,,2025-11-06,2026-01-23 20:51:44,2026-01-23 20:51:44,,Nate Steele,,,
103,MAX SERIES | Custom Stainless,283009.6,closed_lost,,Offline Sources,,,2025-10-31,2026-01-23 20:51:44,2026-01-23 20:51:44,,Ty Murphree,,,
104,Air Distribution Technologies - MAX Cart,7621.25,closed_won,,Offline Sources,,,2025-10-10,2026-01-23 20:51:44,2026-01-23 20:51:44,,Nate Steele,,,
105,MAX SERIES | DITMCO,48825.0,closed_won,,Offline Sources,,,2025-10-07,2026-01-23 20:51:44,2026-01-23 20:51:44,,Ty Murphree,,,
106,MAX Series - Bradford Systems,88832.5,new_deal,,Offline Sources,,2025-10-30,,2026-01-23 20:51:44,2026-01-23 20:51:44,,Nate Steele,,,
107,Gladwin Machinery (Peter Stevens) - MAX SERIES,28791.0,new_deal,,Offline Sources,,2025-10-30,,2026-01-23 20:51:44,2026-01-23 20:51:44,,Nate Steele,,,
108,STACK PRO - Modine,11862.74,closed_won,,Offline Sources,,,2025-10-01,2026-01-23 20:51:44,2026-01-23 20:51:44,,Nate Steele,,,
109,STACK MAX | CREATE ENERGY,29390.0,negotiation,,Offline Sources,,2025-10-26,,2026-01-23 20:51:44,2026-01-23 20:51:44,,Ray Bishop,,,
110,MAX Series - National Custom Hollow M,69963.55,new_deal,,Offline Sources,,2025-10-24,,2026-01-23 20:51:44,2026-01-23 20:51:44,,Nate Steele,,,
111,STACK MAX | GOOD YEAR,22595.0,new_deal,,Offline Sources,,2025-10-24,,2026-01-23 20:51:45,2026-01-23 20:51:45,,Ray Bishop,,,
112,STACK MAX | PHASE TECHNOLOGIES,42580.0,new_deal,,Offline Sources,,2025-10-19,,2026-01-23 20:51:45,2026-01-23 20:51:45,,Ray Bishop,,,
113,STACK MAX | SBC LASER,162560.0,new_deal,,Offline Sources,,2025-10-19,,2026-01-23 20:51:45,2026-01-23 20:51:45,,Ray Bishop,,,
114,Brenda Hill | STACK MAX,39990.0,new_deal,,Offline Sources,,2025-10-19,,2026-01-23 20:51:45,2026-01-23 20:51:45,,Ray Bishop,,,
115,MAX Series - Clay Hill Cutting,38334.6,closed_lost,,Offline Sources,,,2025-10-13,2026-01-23 20:51:45,2026-01-23 20:51:45,,Nate Steele,,,
116,MAX Series - Architectural Metals Inc,50981.6,new_deal,,Offline Sources,,2025-10-15,,2026-01-23 20:51:45,2026-01-23 20:51:45,,Nate Steele,,,
117,MAX Series - AIRXCEL,20287.0,new_deal,,Offline Sources,,2025-10-12,,2026-01-23 20:51:45,2026-01-23 20:51:45,,Nate Steele,,,
118,Red Eye,13995.0,closed_won,,Offline Sources,,,2025-09-11,2026-01-23 20:51:45,2026-01-23 20:51:45,,Nate Steele,,,
119,Grainger - Sazerac Indiana,18952.7,new_deal,,Offline Sources,,2025-10-10,,2026-01-23 20:51:45,2026-01-23 20:51:45,,Nate Steele,,,
120,Ameritex,264610.0,new_deal,,Offline Sources,,2025-10-31,,2026-01-23 20:51:45,2026-01-23 20:51:45,,Nate Steele,,,
121,STACK MAX - STEEL SENTRY,43390.0,new_deal,,Offline Sources,,2025-10-03,,2026-01-23 20:51:45,2026-01-23 20:51:45,,Ray Bishop,,,
122,STACK MAX | LILY,73230.0,closed_lost,,Offline Sources,,,2025-12-01,2026-01-23 20:51:45,2026-01-23 20:51:45,,Ray Bishop,,,
123,STACK MAX | ONEAL,22995.0,new_deal,,Offline Sources,,2025-09-26,,2026-01-23 20:51:45,2026-01-23 20:51:45,,Ray Bishop,,,
124,STACK MAX | Gallatin Valley Metal,24795.0,negotiation,,Offline Sources,,2025-09-24,,2026-01-23 20:51:45,2026-01-23 20:51:45,,Ray Bishop,,,
125,MAX Series - Alliance Material Handling,148475.8,new_deal,,Offline Sources,,2025-09-24,,2026-01-23 20:51:45,2026-01-23 20:51:45,,Nate Steele,,,
126,MAX SERIES - BURWELL MH,233217.5,proposal,,Offline Sources,,2025-09-17,,2026-01-23 20:51:45,2026-01-23 20:51:45,,Nate Steele,,,
127,MAX Series - Wisco,16481.7,closed_lost,,Offline Sources,,,2025-10-02,2026-01-23 20:51:45,2026-01-23 20:51:45,,Nate Steele,,,
128,STACK MAX | PRODUCTIVE PRODUCTS,23796.0,new_deal,,Offline Sources,,2025-09-04,,2026-01-23 20:51:45,2026-01-23 20:51:45,,Ray Bishop,,,
129,STACK MAX | Detroit Architectural Metal,18095.0,new_deal,,Offline Sources,,2025-08-30,,2026-01-23 20:51:45,2026-01-23 20:51:45,,Ray Bishop,,,
130,STACK MAX | WILLIAM,85175.0,negotiation,,Offline Sources,,2025-08-29,,2026-01-23 20:51:45,2026-01-23 20:51:45,,Ray Bishop,,,
131,Paul Mueller - PRO Rack,4595.0,closed_won,,Offline Sources,,,2025-07-28,2026-01-23 20:51:45,2026-01-23 20:51:45,,Nate Steele,,,
132,STACK MAX | V&H MATERIAL HANDLING,35991.0,closed_lost,,Offline Sources,,,2025-11-11,2026-01-23 20:51:45,2026-01-23 20:51:45,,Ray Bishop,,,
133,STACK MAX | GLENRO,70585.0,closed_lost,,Offline Sources,,,2025-10-14,2026-01-23 20:51:45,2026-01-23 20:51:45,,Ray Bishop,,,
134,STACK MAX | Articfact Fabrication,66930.0,closed_lost,,Offline Sources,,,2025-10-14,2026-01-23 20:51:45,2026-01-23 20:51:45,,Ray Bishop,,,
135,MAX Series - Jason Schoen,48575.0,negotiation,,Offline Sources,,2025-08-01,,2026-01-23 20:51:45,2026-01-23 20:51:45,,Ray Bishop,,,
136,Atlantic Rack,326704.5,closed_lost,,Offline Sources,,,2025-10-13,2026-01-23 20:51:45,2026-01-23 20:51:45,,Nate Steele,,,
137,FASTENAL,18351.0,closed_won,,Offline Sources,,,2025-08-08,2026-01-23 20:51:45,2026-01-23 20:51:45,,Nate Steele,,,
138,SpaceX,65208.74,closed_won,,Offline Sources,,,2025-06-19,2026-01-23 20:51:45,2026-01-23 20:51:45,,Josh Hubbard,,,
139,MAX Series - BMW (Stace),16000.0,closed_won,,Offline Sources,,,2025-09-24,2026-01-23 20:51:45,2026-01-23 20:51:45,,Nate Steele,,,
140,SHOPIFY - #1015,9695.0,closed_won,,Offline Sources,,,2025-05-05,2026-01-23 20:51:45,2026-01-23 20:51:45,,Josh Hubbard,,,
141,HART Machine Tool - Ford Meter Box,33090.7,closed_lost,,Offline Sources,,,2025-06-16,2026-01-23 20:51:45,2026-01-23 20:51:45,,Nate Steele,,,
142,MAX Series - Braun Fab,48985.0,closed_lost,,Offline Sources,,,2025-10-02,2026-01-23 20:51:45,2026-01-23 20:51:45,,Nate Steele,,,
143,PRO Series - HEAT INC,13547.25,closed_lost,,Offline Sources,,,2025-10-13,2026-01-23 20:51:45,2026-01-23 20:51:45,,Nate Steele,,,
144,MAX Series - TIW Western,45932.4,closed_lost,,Offline Sources,,,2025-10-03,2026-01-23 20:51:45,2026-01-23 20:51:45,,Nate Steele,,,
145,PRO|MAX Series - TEKTON,74520.0,closed_lost,,Offline Sources,,,2025-10-02,2026-01-23 20:51:46,2026-01-23 20:51:46,,Josh Hubbard,,,
146,MAX Series: The Hammer Companies,39155.5,closed_won,,Offline Sources,,,2024-09-19,2026-01-23 20:51:46,2026-01-23 20:51:46,,Nate Steele,,,
147,MAX SERIES - Multivac,61651.36,closed_won,,Offline Sources,,,2024-02-29,2026-01-23 20:51:46,2026-01-23 20:51:46,,Ray Bishop,,,
148,MAX Series - Jaxon USA,42369.0,new_deal,,Direct Traffic,,2026-02-15,,2026-01-23 20:51:46,2026-01-23 20:51:46,,Nate Steele,,,
149,"MAX Series - Air Group, LLC",23175.0,new_deal,,Direct Traffic,,2026-02-12,,2026-01-23 20:51:46,2026-01-23 20:51:46,,Nate Steele,,,
150,"MAX Series - Pro Metal Works, Inc",152081.0,new_deal,,Direct Traffic,,2026-03-13,,2026-01-23 20:51:46,2026-01-23 20:51:46,,Nate Steele,,,
151,MAX Series - Precision Ag Solutions,28680.0,new_deal,,Direct Traffic,,2026-02-11,,2026-01-23 20:51:46,2026-01-23 20:51:46,,Nate Steele,,,
152,MAX SERIES | Kuhl House Ranch Coolers,42351.25,proposal,,Direct Traffic,,2026-02-08,,2026-01-23 20:51:46,2026-01-23 20:51:46,,Ty Murphree,,,
153,STEELSTACK | Rice Companies,50043.75,proposal,,Direct Traffic,,2026-02-08,,2026-01-23 20:51:46,2026-01-23 20:51:46,,Ty Murphree,,,
154,MAX Series - Channel Sheet Metal,39190.0,proposal,,Direct Traffic,,2026-02-06,,2026-01-23 20:51:46,2026-01-23 20:51:46,,Nate Steele,,,
155,MAX Series - Adam Prestwich,173052.0,new_deal,,Direct Traffic,,2026-02-05,,2026-01-23 20:51:46,2026-01-23 20:51:46,,Nate Steele,,,
156,MAX Series - Schexnailder Sheet Metal,22516.0,closed_won,,Direct Traffic,,,2026-01-13,2026-01-23 20:51:46,2026-01-23 20:51:46,,Nate Steele,,,
157,Pro Cart | Acorn Welding,5250.0,proposal,,Direct Traffic,,2026-02-04,,2026-01-23 20:51:46,2026-01-23 20:51:46,,Ty Murphree,,,
158,Max Series | Statewide Roofing,40441.25,proposal,,Direct Traffic,,2026-02-04,,2026-01-23 20:51:46,2026-01-23 20:51:46,,Ty Murphree,,,
159,Max Series | Brander Steel,189580.5,proposal,,Direct Traffic,,2026-01-28,,2026-01-23 20:51:46,2026-01-23 20:51:46,,Ty Murphree,,,
160,Max Series | CT Race Worx,21554.25,proposal,,Direct Traffic,,2026-01-28,,2026-01-23 20:51:46,2026-01-23 20:51:46,,Ty Murphree,,,
161,MAX Series | Toyota,18982.5,proposal,,Direct Traffic,,2026-01-15,,2026-01-23 20:51:46,2026-01-23 20:51:46,,Ty Murphree,,,
162,MAX Series - Roy O Martin,22415.6,new_deal,,Direct Traffic,,2026-01-08,,2026-01-23 20:51:46,2026-01-23 20:51:46,,Nate Steele,,,
163,MAX Series - Andersen Material Handling,19907.8,new_deal,,Direct Traffic,,2026-01-30,,2026-01-23 20:51:46,2026-01-23 20:51:46,,Nate Steele,,,
164,MAX Series - S. Howes,36840.0,new_deal,,Direct Traffic,,2026-01-03,,2026-01-23 20:51:46,2026-01-23 20:51:46,,Nate Steele,,,
165,MAX Series | McKinstry,27889.4,closed_won,,Direct Traffic,,,2025-12-31,2026-01-23 20:51:46,2026-01-23 20:51:46,,Ty Murphree,,,
166,PRO Series | AmeriChem Systems Inc,13455.0,closed_won,,Direct Traffic,,,2025-11-20,2026-01-23 20:51:46,2026-01-23 20:51:46,,Ty Murphree,,,
167,MAX Series - ESC Fabrication,19133.0,new_deal,,Direct Traffic,,2026-01-09,,2026-01-23 20:51:46,2026-01-23 20:51:46,,Nate Steele,,,
168,MAX Series - JT Reed,27043.5,new_deal,,Direct Traffic,,2025-12-17,,2026-01-23 20:51:47,2026-01-23 20:51:47,,Nate Steele,,,
169,MAX Series | Summit Cladding,41145.0,negotiation,,Direct Traffic,,2025-12-14,,2026-01-23 20:51:47,2026-01-23 20:51:47,,Ty Murphree,,,
170,MAX SERIES | Mohawk Technology,26378.0,negotiation,,Direct Traffic,,2025-12-12,,2026-01-23 20:51:47,2026-01-23 20:51:47,,Ty Murphree,,,
171,MAX Series - North East Precision Equipment Sales,137007.45,new_deal,,Direct Traffic,,2025-12-31,,2026-01-23 20:51:47,2026-01-23 20:51:47,,Nate Steele,,,
172,MAX Series | Fred Joseph,22783.0,closed_won,,Direct Traffic,,,2025-12-10,2026-01-23 20:51:47,2026-01-23 20:51:47,,Ty Murphree,,,
173,MAX Series - TXLA Systems,43847.0,new_deal,,Direct Traffic,,2025-11-26,,2026-01-23 20:51:47,2026-01-23 20:51:47,,Nate Steele,,,
174,Metal Supermarkets Atlanta,152035.0,new_deal,,Direct Traffic,,2025-11-20,,2026-01-23 20:51:47,2026-01-23 20:51:47,,Nate Steele,,,
175,MAX Series - Lenex Steel,47255.4,closed_won,,Direct Traffic,,,2025-12-16,2026-01-23 20:51:47,2026-01-23 20:51:47,,Nate Steele,,,
176,STACK MAX | Southern Roofing,33687.95,negotiation,,Direct Traffic,,2025-11-01,,2026-01-23 20:51:47,2026-01-23 20:51:47,,Ty Murphree,,,
177,Signarama Philly,105375.0,new_deal,,Direct Traffic,,2025-10-24,,2026-01-23 20:51:47,2026-01-23 20:51:47,,Ray Bishop,,,
178,STACK MAX | LEE COMPANY,31990.0,closed_lost,,Direct Traffic,,,2025-09-24,2026-01-23 20:51:47,2026-01-23 20:51:47,,Ray Bishop,,,
179,STACK MAX | LIFT A LOFT,39990.0,new_deal,,Direct Traffic,,2025-10-16,,2026-01-23 20:51:47,2026-01-23 20:51:47,,Ray Bishop,,,
180,MAX Series - Dericks Sheet Metal Works,23179.4,closed_won,,Direct Traffic,,,2025-09-17,2026-01-23 20:51:47,2026-01-23 20:51:47,,Nate Steele,,,
181,STACK MAX | SUPREME HINGE,70000.0,closed_won,,Direct Traffic,,,2025-09-16,2026-01-23 20:51:47,2026-01-23 20:51:47,,Ray Bishop,,,
182,STACK MAX | PRIMO FAB,42990.0,closed_lost,,Direct Traffic,,,2025-10-01,2026-01-23 20:51:47,2026-01-23 20:51:47,,Ray Bishop,,,
183,STACK MAX | USG,26495.0,new_deal,,Direct Traffic,,2025-10-02,,2026-01-23 20:51:47,2026-01-23 20:51:47,,Ray Bishop,,,
184,STACK MAX | NEMINC,34690.0,new_deal,,Direct Traffic,,2025-09-20,,2026-01-23 20:51:47,2026-01-23 20:51:47,,Ray Bishop,,,
185,STACK MAX | JOHN RAY,37690.0,new_deal,,Direct Traffic,,2025-09-17,,2026-01-23 20:51:47,2026-01-23 20:51:47,,Ray Bishop,,,
186,Purina - Nestle,22590.0,closed_won,,Direct Traffic,,,2025-07-24,2026-01-23 20:51:47,2026-01-23 20:51:47,,Nate Steele,,,
187,STACK PRO | BFE INC,46090.0,closed_lost,,Direct Traffic,,,2025-10-14,2026-01-23 20:51:48,2026-01-23 20:51:48,,Ray Bishop,,,
188,STACK PRO | DAKA CORP,10195.0,closed_won,,Direct Traffic,,,2025-08-07,2026-01-23 20:51:48,2026-01-23 20:51:48,,Ray Bishop,,,
189,STACK MAX | All-Rite Fence,69475.0,negotiation,,Direct Traffic,,2025-08-08,,2026-01-23 20:51:48,2026-01-23 20:51:48,,Ray Bishop,,,
190,"Roll Up Door, Inc",12995.0,closed_won,,Direct Traffic,,,2025-08-15,2026-01-23 20:51:48,2026-01-23 20:51:48,,Nate Steele,,,
191,Sourced Materials,44254.8,closed_won,,Direct Traffic,,,2025-06-30,2026-01-23 20:51:48,2026-01-23 20:51:48,,Nate Steele,,,
192,West Michigan Laser Works,31280.0,closed_won,,Direct Traffic,,,2025-06-18,2026-01-23 20:51:48,2026-01-23 20:51:48,,Nate Steele,,,
193,ATI,48057.08,closed_won,,Direct Traffic,,,2025-07-16,2026-01-23 20:51:48,2026-01-23 20:51:48,,Josh Hubbard,,,
194,MAX Cart - JP Poindexter & Co,18750.0,closed_won,,Direct Traffic,,,2025-03-03,2026-01-23 20:51:48,2026-01-23 20:51:48,,Nate Steele,,,
195,MAX Series - Maintainer Corporation,44642.55,closed_won,,Direct Traffic,,,2026-01-06,2026-01-23 20:51:48,2026-01-23 20:51:48,,Nate Steele,,,
196,MAX Series - Evolution Welding,46258.65,closed_lost,,Direct Traffic,,,2025-10-07,2026-01-23 20:51:48,2026-01-23 20:51:48,,Nate Steele,,,
197,PRO Series - Southworth Group,37569.65,closed_won,,Direct Traffic,,,2025-02-04,2026-01-23 20:51:49,2026-01-23 20:51:49,,Nate Steele,,,
198,MAX Series - Edker,40963.0,negotiation,,Direct Traffic,,2025-10-31,,2026-01-23 20:51:49,2026-01-23 20:51:49,,Ty Murphree,,,
199,"MAX Series - Southworth International Group, Inc",84359.3,closed_won,,Direct Traffic,,,2025-02-04,2026-01-23 20:51:49,2026-01-23 20:51:49,,Nate Steele,,,
200,MAX Series - MICHFAB,24412.8,closed_lost,,Direct Traffic,,,2025-10-03,2026-01-23 20:51:49,2026-01-23 20:51:49,,Nate Steele,,,
201,MAX SERIES - XL Specialized Trailer,24747.75,negotiation,,Direct Traffic,,2025-01-29,,2026-01-23 20:51:49,2026-01-23 20:51:49,,Nate Steele,,,
202,MAX SERIES - OSAGE PIPING,39340.0,closed_won,,Direct Traffic,,,2024-12-10,2026-01-23 20:51:49,2026-01-23 20:51:49,,Josh Hubbard,,,
203,STACK MAX - P2P MFG,120826.45,closed_lost,,Direct Traffic,,,2024-11-14,2026-01-23 20:51:49,2026-01-23 20:51:49,,Nate Steele,,,
204,STACK MAX - Garmat,200000.0,closed_won,,Direct Traffic,,,2024-11-12,2026-01-23 20:51:49,2026-01-23 20:51:49,,Nate Steele,,,
205,MAX SERIES - SPACE X,38300.0,closed_won,,Direct Traffic,,,2024-09-18,2026-01-23 20:51:49,2026-01-23 20:51:49,,Josh Hubbard,,,
206,MAX SERIES - MISSION TECHNOLOGY,184800.0,closed_won,,Direct Traffic,,,2024-08-30,2026-01-23 20:51:49,2026-01-23 20:51:49,,Josh Hubbard,,,
207,PRO Series - ATI Materials,50937.8,closed_won,,Direct Traffic,,,2024-10-02,2026-01-23 20:51:49,2026-01-23 20:51:49,,Josh Hubbard,,,
208,PRO Series - Ed Edelen,26300.0,closed_won,,Direct Traffic,,,2024-09-18,2026-01-23 20:51:49,2026-01-23 20:51:49,,Josh Hubbard,,,
209,MAX SERIES - FLASH TECH,49950.0,closed_won,,Direct Traffic,,,2024-05-14,2026-01-23 20:51:49,2026-01-23 20:51:49,,Josh Hubbard,,,
210,MAX SERIES - GM (HUBBARD SUPPLY),26800.0,closed_won,,Direct Traffic,,,2024-06-20,2026-01-23 20:51:49,2026-01-23 20:51:49,,Josh Hubbard,,,
211,MAX SERIES - LANTECH,54000.0,closed_won,,Direct Traffic,,,2024-03-26,2026-01-23 20:51:49,2026-01-23 20:51:49,,Josh Hubbard,,,
212,MAX Series | R M Inc,12890.0,closed_lost,,Referrals,,,2025-12-23,2026-01-23 20:51:50,2026-01-23 20:51:50,,Ty Murphree,,,
213,MAX Series | Tesla,39990.0,closed_won,,Referrals,,,2025-12-11,2026-01-23 20:51:50,2026-01-23 20:51:50,,Ty Murphree,,,
214,STACK MAX AND PRO | BARON STEEL,14495.0,closed_won,,Referrals,,,2025-10-08,2026-01-23 20:51:50,2026-01-23 20:51:50,,Ray Bishop,,,
215,STACK MAX | ZAHNER,43190.0,new_deal,,Referrals,,2025-08-30,,2026-01-23 20:51:50,2026-01-23 20:51:50,,Ray Bishop,,,
216,SHOPIFY - #1013,10795.0,closed_won,,Referrals,,,2025-04-21,2026-01-23 20:51:50,2026-01-23 20:51:50,,Josh Hubbard,,,
217,MAX Series - SPACE X (Audrey),128595.0,closed_won,,Referrals,,,2025-01-10,2026-01-23 20:51:50,2026-01-23 20:51:50,,Nate Steele,,,
218,MAX Series | M&M Gutters,45202.8,proposal,,Organic Social,,2026-01-10,,2026-01-23 20:51:50,2026-01-23 20:51:50,,Ty Murphree,,,
219,STEELSTACK MAX | Century Roll,38240.0,closed_lost,,Organic Social,,,2025-10-30,2026-01-23 20:51:50,2026-01-23 20:51:50,,Ty Murphree,,,
220,Pioneer Machine Sales,26421.5,closed_lost,,Organic Social,,,2025-10-13,2026-01-23 20:51:50,2026-01-23 20:51:50,,Nate Steele,,,
221,Pro Roofers,44440.0,closed_lost,,Organic Social,,,2025-10-13,2026-01-23 20:51:50,2026-01-23 20:51:50,,Josh Hubbard,,,
222,MAX Series - Trackside Solutions,38326.0,new_deal,,Paid Search,,2026-02-15,,2026-01-23 20:51:50,2026-01-23 20:51:50,,Nate Steele,,,
223,MAX Series - USMH,117518.5,new_deal,,Paid Search,,2026-02-15,,2026-01-23 20:51:50,2026-01-23 20:51:50,,Nate Steele,,,
224,MAX Series - IEM,49290.0,new_deal,,Paid Search,,2026-02-15,,2026-01-23 20:51:50,2026-01-23 20:51:50,,Nate Steele,,,
225,MAX Series | PRE-TEC,81424.0,new_deal,,Paid Search,,2026-02-11,,2026-01-23 20:51:50,2026-01-23 20:51:50,,Nate Steele,,,
226,MAX Series - Manitowoc Tool & Mfg,187427.0,new_deal,,Paid Search,,2026-03-31,,2026-01-23 20:51:50,2026-01-23 20:51:50,,Nate Steele,,,
227,MAX Series - RJ Mechanical,35951.0,closed_won,,Paid Search,,,2026-01-13,2026-01-23 20:51:50,2026-01-23 20:51:50,,Nate Steele,,,
228,"MAX Series - Smoker Craft, Inc",39702.0,new_deal,,Paid Search,,2026-02-05,,2026-01-23 20:51:50,2026-01-23 20:51:50,,Nate Steele,,,
229,MAX Series - Blackwater Iron Works,50561.0,proposal,,Paid Search,,2026-02-05,,2026-01-23 20:51:51,2026-01-23 20:51:51,,Nate Steele,,,
230,Max Series | RHEXCO,46259.0,proposal,,Paid Search,,2026-01-29,,2026-01-23 20:51:51,2026-01-23 20:51:51,,Ty Murphree,,,
231,MAX Series | South GA Machine,21500.35,closed_won,,Paid Search,,,2025-12-29,2026-01-23 20:51:51,2026-01-23 20:51:51,,Ty Murphree,,,
232,MAX Series | Performance Fabs,18658.5,negotiation,,Paid Search,,2026-01-18,,2026-01-23 20:51:51,2026-01-23 20:51:51,,Ty Murphree,,,
233,Max Series | Lance Welding,21195.0,closed_won,,Paid Search,,,2025-12-30,2026-01-23 20:51:51,2026-01-23 20:51:51,,Ty Murphree,,,
234,Cassettes | AEBI Schmidt,3840.0,proposal,,Paid Search,,2026-01-18,,2026-01-23 20:51:51,2026-01-23 20:51:51,,Ty Murphree,,,
235,MAX Series | Chandler Industries,26610.0,proposal,,Paid Search,,2026-01-17,,2026-01-23 20:51:51,2026-01-23 20:51:51,,Ty Murphree,,,
236,MAX Series - Madison College,18746.2,new_deal,,Paid Search,,2026-08-26,,2026-01-23 20:51:51,2026-01-23 20:51:51,,Nate Steele,,,
237,Max Series | Valley MFG,37990.0,proposal,,Paid Search,,2026-01-11,,2026-01-23 20:51:51,2026-01-23 20:51:51,,Ty Murphree,,,
238,MAX Series | LB White,57990.9,closed_lost,,Paid Search,,,2026-01-06,2026-01-23 20:51:51,2026-01-23 20:51:51,,Ty Murphree,,,
239,Sports Field |  STACK MAX,116772.4,new_deal,,Paid Search,,2026-01-10,,2026-01-23 20:51:51,2026-01-23 20:51:51,,Ray Bishop,,,
240,MAX Cart | JB Mechanical,7545.0,proposal,,Paid Search,,2026-01-09,,2026-01-23 20:51:51,2026-01-23 20:51:51,,Ty Murphree,,,
241,MAX Series - Timothy Bell,61535.4,new_deal,,Paid Search,,2026-01-30,,2026-01-23 20:51:51,2026-01-23 20:51:51,,Nate Steele,,,
242,MAX Series - Blanski Energy Management,22780.4,closed_won,,Paid Search,,,2025-12-12,2026-01-23 20:51:51,2026-01-23 20:51:51,,Nate Steele,,,
243,SHOPIFY | A-FRAME CART,3000.0,closed_won,,Paid Search,,,2025-12-09,2026-01-23 20:51:52,2026-01-23 20:51:52,,Ray Bishop,,,
244,MAX Series - LSE Manufacturing,35695.0,new_deal,,Paid Search,,2026-01-03,,2026-01-23 20:51:52,2026-01-23 20:51:52,,Nate Steele,,,
245,MAX Series - LL Ranch,26504.0,new_deal,,Paid Search,,2026-01-03,,2026-01-23 20:51:52,2026-01-23 20:51:52,,Nate Steele,,,
246,MAX Series - Helm Group,18062.2,new_deal,,Paid Search,,2026-01-03,,2026-01-23 20:51:52,2026-01-23 20:51:52,,Nate Steele,,,
247,MAX SERIES | New London Fab,43813.75,closed_lost,,Paid Search,,,2025-12-01,2026-01-23 20:51:52,2026-01-23 20:51:52,,Ty Murphree,,,
248,MAX Series - Ranger Gate,35797.65,new_deal,,Paid Search,,2025-12-26,,2026-01-23 20:51:52,2026-01-23 20:51:52,,Nate Steele,,,
249,Max Series | Santa Rosa Jr. College,24287.6,negotiation,,Paid Search,,2025-12-20,,2026-01-23 20:51:52,2026-01-23 20:51:52,,Ty Murphree,,,
250,MAX SERIES | Pfeiffer Welding and Machine,22895.0,closed_won,,Paid Search,,,2025-11-20,2026-01-23 20:51:52,2026-01-23 20:51:52,,Ty Murphree,,,
251,MAX Series - BMC Global Manufacturing,39101.85,new_deal,,Paid Search,,2025-12-13,,2026-01-23 20:51:52,2026-01-23 20:51:52,,Nate Steele,,,
252,MAX Series | Sim Tech Inc,25790.0,closed_won,,Paid Search,,,2025-11-13,2026-01-23 20:51:52,2026-01-23 20:51:52,,Ty Murphree,,,
253,MAX Series - Tate Inc,37040.0,closed_won,,Paid Search,,,2026-01-07,2026-01-23 20:51:52,2026-01-23 20:51:52,,Nate Steele,,,
254,MAX Series - CSM Industrial,31990.0,closed_won,,Paid Search,,,2025-11-05,2026-01-23 20:51:52,2026-01-23 20:51:52,,Nate Steele,,,
255,SHOPIFY | PRC ROOFING,3200.62,closed_won,,Paid Search,,,2025-11-07,2026-01-23 20:51:52,2026-01-23 20:51:52,,Ray Bishop,,,
256,Pro Series | Superior Dump Trailer,12445.5,closed_lost,,Paid Search,,,2025-11-17,2026-01-23 20:51:52,2026-01-23 20:51:52,,Ty Murphree,,,
257,PRO SERIES | Clifton Steel,18087.5,closed_lost,,Paid Search,,,2025-11-17,2026-01-23 20:51:52,2026-01-23 20:51:52,,Ty Murphree,,,
258,MAX Series - CSM Metal Deck,38058.15,closed_won,,Paid Search,,,2025-11-05,2026-01-23 20:51:52,2026-01-23 20:51:52,,Nate Steele,,,
259,MAX Series - Grit Cutting,41240.0,new_deal,,Paid Search,,2025-11-26,,2026-01-23 20:51:52,2026-01-23 20:51:52,,Nate Steele,,,
260,PRO Series - Duct Pro,23658.65,new_deal,,Paid Search,,2025-11-26,,2026-01-23 20:51:53,2026-01-23 20:51:53,,Nate Steele,,,
261,MAX Series - Electric Power,20082.5,closed_won,,Paid Search,,,2025-10-24,2026-01-23 20:51:53,2026-01-23 20:51:53,,Nate Steele,,,
262,STACK MAX | MCVTS,22895.0,new_deal,,Paid Search,,2025-11-23,,2026-01-23 20:51:53,2026-01-23 20:51:53,,Ray Bishop,,,
263,MAX Series - Spire Roofing,23111.0,new_deal,,Paid Search,,2025-11-22,,2026-01-23 20:51:53,2026-01-23 20:51:53,,Nate Steele,,,
264,MAX SERIES | Delaware Valley Steel,45776.25,negotiation,,Paid Search,,2025-11-20,,2026-01-23 20:51:53,2026-01-23 20:51:53,,Ty Murphree,,,
265,STACK MAX - HTC Group,63861.0,closed_won,,Paid Search,,,2025-10-27,2026-01-23 20:51:53,2026-01-23 20:51:53,,Nate Steele,,,
266,MAX SERIES | STABER,37568.75,closed_lost,,Paid Search,,,2025-11-17,2026-01-23 20:51:53,2026-01-23 20:51:53,,Ty Murphree,,,
267,MAX SERIES | JB MECH LLC,75242.5,closed_won,,Paid Search,,,2025-10-21,2026-01-23 20:51:53,2026-01-23 20:51:53,,Ty Murphree,,,
268,MAX SERIES | Luke Russett,81724.05,negotiation,,Paid Search,,2025-11-14,,2026-01-23 20:51:53,2026-01-23 20:51:53,,Ty Murphree,,,
269,MAX SERIES | WHELEN,76688.75,negotiation,,Paid Search,,2025-11-13,,2026-01-23 20:51:53,2026-01-23 20:51:53,,Ty Murphree,,,
270,MAX SERIES | Metro St. Louis,21473.4,closed_lost,,Paid Search,,,2025-11-17,2026-01-23 20:51:53,2026-01-23 20:51:53,,Ty Murphree,,,
271,MAX SERIES | Vertiv,41191.2,closed_lost,,Paid Search,,,2025-11-17,2026-01-23 20:51:53,2026-01-23 20:51:53,,Ty Murphree,,,
272,MAX SERIES | Logan Seidling,44428.05,closed_lost,,Paid Search,,,2025-11-17,2026-01-23 20:51:53,2026-01-23 20:51:53,,Ty Murphree,,,
273,MAX Series | MPW Services,43449.4,new_deal,,Paid Search,,2025-11-12,,2026-01-23 20:51:53,2026-01-23 20:51:53,,Nate Steele,,,
274,MAX SERIES | STELLAR INDUSTRIES,69955.05,negotiation,,Paid Search,,2025-11-12,,2026-01-23 20:51:54,2026-01-23 20:51:54,,Ty Murphree,,,
275,STEELSTACK | GENY Hitch,21939.25,closed_lost,,Paid Search,,,2025-11-03,2026-01-23 20:51:54,2026-01-23 20:51:54,,Ty Murphree,,,
276,Custom STEELSTACK | Wesley Boggs,83181.65,closed_lost,,Paid Search,,,2025-11-03,2026-01-23 20:51:54,2026-01-23 20:51:54,,Ty Murphree,,,
277,STEELSTACK | IMETCO,507797.5,negotiation,,Paid Search,,2026-01-12,,2026-01-23 20:51:54,2026-01-23 20:51:54,,Ty Murphree,,,
278,MAX SERIES | Jason Freeman,60843.75,closed_lost,,Paid Search,,,2025-11-10,2026-01-23 20:51:54,2026-01-23 20:51:54,,Ty Murphree,,,
279,STEELSTACK | FEDTECH,35693.7,closed_lost,,Paid Search,,,2025-11-03,2026-01-23 20:51:54,2026-01-23 20:51:54,,Ty Murphree,,,
280,STACK MAX | ATLAS METALS,85975.0,new_deal,,Paid Search,,2025-10-30,,2026-01-23 20:51:54,2026-01-23 20:51:54,,Ray Bishop,,,
281,STEELSTACK MAX | PMMCO,38190.0,closed_lost,,Paid Search,,,2025-11-03,2026-01-23 20:51:54,2026-01-23 20:51:54,,Ty Murphree,,,
282,STACKMAX | EASINC.NET,21495.0,new_deal,,Paid Search,,2025-10-25,,2026-01-23 20:51:54,2026-01-23 20:51:54,,Ray Bishop,,,
283,STACK MAX | Precision Metal Fabrication,103970.0,closed_lost,,Paid Search,,,2025-10-03,2026-01-23 20:51:54,2026-01-23 20:51:54,,Ray Bishop,,,
284,STACK MAX | SPARK STONE,44580.0,new_deal,,Paid Search,,2025-10-24,,2026-01-23 20:51:54,2026-01-23 20:51:54,,Ray Bishop,,,
285,STACK MAX | VAILROOFSO.COM,19995.0,closed_won,,Paid Search,,,2025-10-02,2026-01-23 20:51:54,2026-01-23 20:51:54,,Ray Bishop,,,
286,STACK MAX | PRO METAL WORKS,13495.0,new_deal,,Paid Search,,2025-10-24,,2026-01-23 20:51:54,2026-01-23 20:51:54,,Ray Bishop,,,
287,STACK MAX | STEELSTACK,37290.0,new_deal,,Paid Search,,2025-10-23,,2026-01-23 20:51:54,2026-01-23 20:51:54,,Ray Bishop,,,
288,STACK MAX | ANGLINCIVIC.COM,24995.0,new_deal,,Paid Search,,2025-10-18,,2026-01-23 20:51:54,2026-01-23 20:51:54,,Ray Bishop,,,
289,STACK MAX | RM CUTTING,19995.0,closed_won,,Paid Search,,,2025-09-04,2026-01-23 20:51:54,2026-01-23 20:51:54,,Ray Bishop,,,
290,STACK MAX | IMC,47285.0,new_deal,,Paid Search,,2025-10-16,,2026-01-23 20:51:54,2026-01-23 20:51:54,,Ray Bishop,,,
291,MAX Series | Axiom Space,43254.2,closed_lost,,Paid Search,,,2025-10-13,2026-01-23 20:51:54,2026-01-23 20:51:54,,Nate Steele,,,
292,STACK MAX | Piranhafab,76980.0,negotiation,,Paid Search,,2025-10-16,,2026-01-23 20:51:54,2026-01-23 20:51:54,,Ray Bishop,,,
293,STACK PRO | SHOPIFY,12995.0,closed_won,,Paid Search,,,2025-09-15,2026-01-23 20:51:55,2026-01-23 20:51:55,,Ray Bishop,,,
294,STACK MAX | FAIR BANKS,76980.0,closed_lost,,Paid Search,,,2025-09-05,2026-01-23 20:51:55,2026-01-23 20:51:55,,Ray Bishop,,,
295,STACK MAX | WEDLAKE,31990.0,new_deal,,Paid Search,,2025-10-04,,2026-01-23 20:51:55,2026-01-23 20:51:55,,Ray Bishop,,,
296,STACK MAX | VALTIR,53235.0,negotiation,,Paid Search,,2025-10-04,,2026-01-23 20:51:55,2026-01-23 20:51:55,,Ray Bishop,,,
297,STACK MAX | ICON MECH,27290.0,new_deal,,Paid Search,,2025-09-28,,2026-01-23 20:51:55,2026-01-23 20:51:55,,Ray Bishop,,,
298,STACK MAX | JOHN,34990.0,closed_won,,Paid Search,,,2025-10-27,2026-01-23 20:51:55,2026-01-23 20:51:55,,Ray Bishop,,,
299,STACK PRO | DEEP SALT WATER,23490.0,closed_won,,Paid Search,,,2025-09-15,2026-01-23 20:51:55,2026-01-23 20:51:55,,Ray Bishop,,,
300,STACK MAX | MEYER,44885.0,closed_won,,Paid Search,,,2025-10-02,2026-01-23 20:51:55,2026-01-23 20:51:55,,Ray Bishop,,,
301,STACK MAX | DIRECT PALLET RACKING,24995.0,new_deal,,Paid Search,,2025-09-24,,2026-01-23 20:51:55,2026-01-23 20:51:55,,Ray Bishop,,,
302,STACKMAX | CYPRESS METALS,112470.0,closed_won,,Paid Search,,,2025-09-10,2026-01-23 20:51:55,2026-01-23 20:51:55,,Ray Bishop,,,
303,STACK MAX | ENVOLTZ,10956.15,closed_won,,Paid Search,,,2025-12-12,2026-01-23 20:51:55,2026-01-23 20:51:55,,Ray Bishop,,,
304,MAX SERIES - GSS MACHINERY,36922.0,closed_won,,Paid Search,,,2025-09-19,2026-01-23 20:51:55,2026-01-23 20:51:55,,Nate Steele,,,
305,STACK MAX | Electronic Power Design,23195.0,new_deal,,Paid Search,,2025-09-19,,2026-01-23 20:51:55,2026-01-23 20:51:55,,Ray Bishop,,,
306,MAX Series - RANEWS,359900.0,closed_lost,,Paid Search,,,2025-10-23,2026-01-23 20:51:55,2026-01-23 20:51:55,,Nate Steele,,,
307,STACK MAX | LASD,71680.0,new_deal,,Paid Search,,2025-09-18,,2026-01-23 20:51:55,2026-01-23 20:51:55,,Ray Bishop,,,
308,STACK MAX | Advanced Exterior Systems,179950.0,new_deal,,Paid Search,,2025-09-18,,2026-01-23 20:51:55,2026-01-23 20:51:55,,Ray Bishop,,,
309,STACK MAX | HUBBELL,38690.0,closed_won,,Paid Search,,,2025-10-02,2026-01-23 20:51:55,2026-01-23 20:51:55,,Ray Bishop,,,
310,STACK MAX | A.S.H,24195.0,new_deal,,Paid Search,,2025-09-14,,2026-01-23 20:51:55,2026-01-23 20:51:55,,Ray Bishop,,,
311,STACK MAX | CIRCLE TOOL SUPPLY,16400.0,new_deal,,Paid Search,,2025-09-13,,2026-01-23 20:51:55,2026-01-23 20:51:55,,Ray Bishop,,,
312,STACK MAX | Raymond-Central,76200.0,closed_won,,Paid Search,,,2025-10-02,2026-01-23 20:51:56,2026-01-23 20:51:56,,Ray Bishop,,,
313,STACK MAX | DS METAL SOLUTIONS,22595.0,new_deal,,Paid Search,,2025-09-11,,2026-01-23 20:51:56,2026-01-23 20:51:56,,Ray Bishop,,,
314,STACK MAX | AK MATERIAL HANDLING SYSTEM,20095.0,new_deal,,Paid Search,,2025-09-11,,2026-01-23 20:51:56,2026-01-23 20:51:56,,Ray Bishop,,,
315,STACK MAX | WORK READY TRUCK LLC,46370.3,closed_won,,Paid Search,,,2025-11-14,2026-01-23 20:51:56,2026-01-23 20:51:56,,Ray Bishop,,,
316,Litania Sports Group,41696.2,closed_won,,Paid Search,,,2025-08-11,2026-01-23 20:51:56,2026-01-23 20:51:56,,Nate Steele,,,
317,STACK PRO SHOPIFY | GERLING GROUP,14795.0,closed_won,,Paid Search,,,2025-08-07,2026-01-23 20:51:56,2026-01-23 20:51:56,,Ray Bishop,,,
318,STACK MAX | MISTRAS GROUP,48990.0,new_deal,,Paid Search,,2025-09-06,,2026-01-23 20:51:56,2026-01-23 20:51:56,,Ray Bishop,,,
319,STACK MAX | BRENMAR INC,21495.0,closed_won,,Paid Search,,,2025-12-05,2026-01-23 20:51:56,2026-01-23 20:51:56,,Ty Murphree,,,
320,STACK MAX | ACTION TARGET,45990.0,closed_lost,,Paid Search,,,2025-08-20,2026-01-23 20:51:56,2026-01-23 20:51:56,,Ray Bishop,,,
321,STACK PRO | XPRESS DOOR AND CABS,14695.0,closed_won,,Paid Search,,,2025-09-18,2026-01-23 20:51:56,2026-01-23 20:51:56,,Ray Bishop,,,
322,STACK MAX | STEPHEN,21995.0,closed_won,,Paid Search,,,2025-08-13,2026-01-23 20:51:56,2026-01-23 20:51:56,,Ray Bishop,,,
323,STACK MAX | SPF,42090.0,closed_won,,Paid Search,,,2025-10-02,2026-01-23 20:51:56,2026-01-23 20:51:56,,Ray Bishop,,,
324,STACK MAX | UHAUL,38390.0,negotiation,,Paid Search,,2025-08-31,,2026-01-23 20:51:56,2026-01-23 20:51:56,,Ray Bishop,,,
325,STACK MAX | MAPLE EXPERTS,47635.0,new_deal,,Paid Search,,2025-08-31,,2026-01-23 20:51:56,2026-01-23 20:51:56,,Ray Bishop,,,
326,STACK MAX | Hercules Van Bodies.,25835.0,closed_lost,,Paid Search,,,2025-08-20,2026-01-23 20:51:56,2026-01-23 20:51:56,,Ray Bishop,,,
327,STACK MAX | HAMMER CONCEPTS AND DESIGNS,47240.0,new_deal,,Paid Search,,2025-08-30,,2026-01-23 20:51:56,2026-01-23 20:51:56,,Ray Bishop,,,
328,STACK MAX | SBMW,17595.0,closed_won,,Paid Search,,,2025-11-10,2026-01-23 20:51:56,2026-01-23 20:51:56,,Ray Bishop,,,
329,STACK MAX | Corey Fabrication,42990.0,closed_won,,Paid Search,,,2025-07-31,2026-01-23 20:51:56,2026-01-23 20:51:56,,Ray Bishop,,,
330,STACK MAX | FrontLine International,105765.0,negotiation,,Paid Search,,2025-08-27,,2026-01-23 20:51:57,2026-01-23 20:51:57,,Ray Bishop,,,
331,STACK MAX | DENYO,54685.0,new_deal,,Paid Search,,2025-08-23,,2026-01-23 20:51:57,2026-01-23 20:51:57,,Ray Bishop,,,
332,STACK MAX | Featherlight Trailor's,43790.0,closed_lost,,Paid Search,,,2025-10-14,2026-01-23 20:51:57,2026-01-23 20:51:57,,Ray Bishop,,,
333,Fold-Away Sheet Cart | Tectonics,2650.0,closed_won,,Paid Search,,,2025-07-23,2026-01-23 20:51:57,2026-01-23 20:51:57,,Ray Bishop,,,
334,Fold-Away Cart | Onsemi,1500.0,closed_won,,Paid Search,,,2025-07-23,2026-01-23 20:51:57,2026-01-23 20:51:57,,Ray Bishop,,,
335,STEELSTACK | Next Level Cladding,28195.0,closed_lost,,Paid Search,,,2025-10-14,2026-01-23 20:51:57,2026-01-23 20:51:57,,Ray Bishop,,,
336,STACK MAX | Alloy Piping Products,25295.0,closed_lost,,Paid Search,,,2025-08-06,2026-01-23 20:51:57,2026-01-23 20:51:57,,Ray Bishop,,,
337,Jim Gleason,42513.2,closed_lost,,Paid Search,,,2025-10-13,2026-01-23 20:51:57,2026-01-23 20:51:57,,Nate Steele,,,
338,Tim Murphy,48090.0,closed_lost,,Paid Search,,,2025-10-14,2026-01-23 20:51:57,2026-01-23 20:51:57,,Ray Bishop,,,
339,STACK MAX | TX LA SYSTEMS,105365.0,negotiation,,Paid Search,,2025-08-14,,2026-01-23 20:51:57,2026-01-23 20:51:57,,Ray Bishop,,,
340,STACK MAX | RAYMATH,204750.0,negotiation,,Paid Search,,2025-08-13,,2026-01-23 20:51:57,2026-01-23 20:51:57,,Ray Bishop,,,
341,STACK PRO | IPAPER,12295.0,closed_won,,Paid Search,,,2025-08-07,2026-01-23 20:51:57,2026-01-23 20:51:57,,Ray Bishop,,,
342,STEELSTACK | AUSTIN SPRINGFIELD,21495.0,negotiation,,Paid Search,,2025-08-13,,2026-01-23 20:51:57,2026-01-23 20:51:57,,Ray Bishop,,,
343,STACK PRO | NERCON,18940.02,closed_won,,Paid Search,,,2025-07-10,2026-01-23 20:51:57,2026-01-23 20:51:57,,Ray Bishop,,,
344,Thomas Soyk,46455.0,closed_lost,,Paid Search,,,2025-10-13,2026-01-23 20:51:57,2026-01-23 20:51:57,,Nate Steele,,,
345,STACK MAX | AE WELDING,24195.0,closed_lost,,Paid Search,,,2025-07-15,2026-01-23 20:51:57,2026-01-23 20:51:57,,Ray Bishop,,,
346,STACK MAX | BRANDON,55185.0,negotiation,,Paid Search,,2025-08-07,,2026-01-23 20:51:57,2026-01-23 20:51:57,,Ray Bishop,,,
347,STACK MAX | Mission Metals MFG,24415.0,new_deal,,Paid Search,,2025-08-07,,2026-01-23 20:51:57,2026-01-23 20:51:57,,Ray Bishop,,,
348,Tenco Hydro,10210.0,closed_won,,Paid Search,,,2025-07-08,2026-01-23 20:51:57,2026-01-23 20:51:57,,Nate Steele,,,
349,STACK MAX | Ranger MFG,64830.0,closed_lost,,Paid Search,,,2025-08-06,2026-01-23 20:51:58,2026-01-23 20:51:58,,Ray Bishop,,,
350,STACK MAX - BOB KEHRES,37490.0,closed_won,,Paid Search,,,2025-10-02,2026-01-23 20:51:58,2026-01-23 20:51:58,,Ray Bishop,,,
351,Air Distribution Technologies,302290.0,closed_won,,Paid Search,,,2025-09-03,2026-01-23 20:51:58,2026-01-23 20:51:58,,Nate Steele,,,
352,Wilson Iron Works,25119.2,closed_lost,,Paid Search,,,2025-10-13,2026-01-23 20:51:58,2026-01-23 20:51:58,,Nate Steele,,,
353,GLADWIN - REPLACEMENT PINS,239.88,closed_won,,Paid Search,,,2025-06-19,2026-01-23 20:51:58,2026-01-23 20:51:58,,Nate Steele,,,
354,CC Fabricating,34290.2,negotiation,,Paid Search,,2025-07-13,,2026-01-23 20:51:58,2026-01-23 20:51:58,,Nate Steele,,,
355,FIKE,82305.6,negotiation,,Paid Search,,2025-07-11,,2026-01-23 20:51:58,2026-01-23 20:51:58,,Nate Steele,,,
356,Sulzer,193513.2,closed_lost,,Paid Search,,,2025-10-13,2026-01-23 20:51:58,2026-01-23 20:51:58,,Nate Steele,,,
357,CDI HVAC,177124.8,negotiation,,Paid Search,,2025-10-13,,2026-01-23 20:51:58,2026-01-23 20:51:58,,Nate Steele,,,
358,Guyse Industries,72630.0,closed_lost,,Paid Search,,,2025-10-13,2026-01-23 20:51:58,2026-01-23 20:51:58,,Josh Hubbard,,,
359,Oertel Metal Works,34440.0,closed_won,,Paid Search,,,2025-09-18,2026-01-23 20:51:58,2026-01-23 20:51:58,,Ray Bishop,,,
360,Shamong Manufacturing,38990.0,closed_lost,,Paid Search,,,2025-10-08,2026-01-23 20:51:58,2026-01-23 20:51:58,,Josh Hubbard,,,
361,MAX SERIES - TERRA UNIVERSAL,145215.0,closed_lost,,Paid Search,,,2025-10-13,2026-01-23 20:51:58,2026-01-23 20:51:58,,Josh Hubbard,,,
362,MAX Series - Cincy AccuFab,66622.6,closed_lost,,Paid Search,,,2025-10-13,2026-01-23 20:51:58,2026-01-23 20:51:58,,Nate Steele,,,
363,Canopy Solutions,34990.0,negotiation,,Paid Search,,2025-06-28,,2026-01-23 20:51:58,2026-01-23 20:51:58,,Josh Hubbard,,,
364,MAX Series - United Airlines (Houston),183445.0,closed_lost,,Paid Search,,,2025-10-13,2026-01-23 20:51:58,2026-01-23 20:51:58,,Nate Steele,,,
365,"Quality Products and Machine, LLC",47410.0,closed_won,,Paid Search,,,2025-05-30,2026-01-23 20:51:58,2026-01-23 20:51:58,,Nate Steele,,,
366,MAX Series - Quest Laser Cut,17307.85,closed_won,,Paid Search,,,2025-05-13,2026-01-23 20:51:59,2026-01-23 20:51:59,,Nate Steele,,,
367,SHOPIFY - #1011,13695.0,closed_won,,Paid Search,,,2025-03-07,2026-01-23 20:51:59,2026-01-23 20:51:59,,Josh Hubbard,,,
368,SHOPIFY - #1012,11895.0,closed_won,,Paid Search,,,2025-03-24,2026-01-23 20:51:59,2026-01-23 20:51:59,,Josh Hubbard,,,
369,SHOPIFY - #1014,24290.0,closed_won,,Paid Search,,,2025-04-21,2026-01-23 20:51:59,2026-01-23 20:51:59,,Josh Hubbard,,,
370,SHOPIFY - #1006,30235.0,closed_won,,Paid Search,,,2024-10-30,2026-01-23 20:51:59,2026-01-23 20:51:59,,Josh Hubbard,,,
371,MAX Series - Hohmann & Barnard,24945.25,closed_won,,Paid Search,,,2025-04-03,2026-01-23 20:51:59,2026-01-23 20:51:59,,Nate Steele,,,
372,MAX Series - Hill Group,43556.4,closed_lost,,Paid Search,,,2025-10-03,2026-01-23 20:51:59,2026-01-23 20:51:59,,Nate Steele,,,
373,MAX Series - Preferred MFG,19498.5,closed_lost,,Paid Search,,,2025-10-03,2026-01-23 20:51:59,2026-01-23 20:51:59,,Nate Steele,,,
374,MAX Series - Cooper EQ,25117.5,closed_lost,,Paid Search,,,2025-10-02,2026-01-23 20:51:59,2026-01-23 20:51:59,,Nate Steele,,,
375,VELODYNE SYSTEMS,36385.0,closed_lost,,Paid Search,,,2025-10-02,2026-01-23 20:51:59,2026-01-23 20:51:59,,Nate Steele,,,
376,MAX Series - SSL Industries,18495.0,negotiation,,Paid Search,,2025-10-31,,2026-01-23 20:51:59,2026-01-23 20:51:59,,Ty Murphree,,,
377,MAX Series - AEBI Schmidt,19995.0,closed_won,,Paid Search,,,2025-08-07,2026-01-23 20:51:59,2026-01-23 20:51:59,,Ray Bishop,,,
378,MAX Series - SMART,22193.35,closed_lost,,Paid Search,,,2025-10-03,2026-01-23 20:51:59,2026-01-23 20:51:59,,Nate Steele,,,
379,SHOPIFY - #1010,13695.0,closed_won,,Paid Search,,,2025-02-25,2026-01-23 20:51:59,2026-01-23 20:51:59,,Josh Hubbard,,,
380,"MAX Series - JF Taylor, Inc",21436.9,closed_lost,,Paid Search,,,2025-10-03,2026-01-23 20:52:00,2026-01-23 20:52:00,,Nate Steele,,,
381,MAX/PRO - Southern States Machinery,41140.0,closed_lost,,Paid Search,,,2025-10-13,2026-01-23 20:52:00,2026-01-23 20:52:00,,Nate Steele,,,
382,MAX Series - Matthews Industries,308104.5,closed_lost,,Paid Search,,,2025-10-02,2026-01-23 20:52:00,2026-01-23 20:52:00,,Nate Steele,,,
383,MAX Series - Caliper Studio,14559.8,closed_won,,Paid Search,,,2025-02-12,2026-01-23 20:52:00,2026-01-23 20:52:00,,Nate Steele,,,
384,MAX Series - Machina Labs,45990.0,closed_won,,Paid Search,,,2025-02-12,2026-01-23 20:52:00,2026-01-23 20:52:00,,Nate Steele,,,
385,MAX Series - Demountable Concepts,36892.9,closed_lost,,Paid Search,,,2025-10-03,2026-01-23 20:52:00,2026-01-23 20:52:00,,Nate Steele,,,
386,MAX Series - MMT,76934.8,closed_lost,,Paid Search,,,2025-10-13,2026-01-23 20:52:00,2026-01-23 20:52:00,,Nate Steele,,,
387,MAX Series - Premier PV,31899.6,closed_lost,,Paid Search,,,2025-10-02,2026-01-23 20:52:00,2026-01-23 20:52:00,,Nate Steele,,,
388,Morton Industries - Gladwin MAX SERIES,41817.8,negotiation,,Paid Search,,2026-03-17,,2026-01-23 20:52:00,2026-01-23 20:52:00,,Nate Steele,,,
389,MAX Series - Dramco,22560.1,closed_lost,,Paid Search,,,2025-10-07,2026-01-23 20:52:00,2026-01-23 20:52:00,,Nate Steele,,,
390,MAX Series - Lift Inc.,72821.2,closed_lost,,Paid Search,,,2025-10-13,2026-01-23 20:52:00,2026-01-23 20:52:00,,Nate Steele,,,
391,MAX Series - GA Braun,82910.0,closed_lost,,Paid Search,,,2025-10-02,2026-01-23 20:52:00,2026-01-23 20:52:00,,Nate Steele,,,
392,SPEEDLOADER - Mazzella,5395.0,closed_lost,,Paid Search,,,2025-10-07,2026-01-23 20:52:00,2026-01-23 20:52:00,,Nate Steele,,,
393,MAX Series - Rain Tech Oklahoma,21601.45,closed_won,,Paid Search,,,2025-02-03,2026-01-23 20:52:00,2026-01-23 20:52:00,,Nate Steele,,,
394,MAX SERIES - SUPERIOR DUCT FABRICATION,39565.0,closed_lost,,Paid Search,,,2025-10-13,2026-01-23 20:52:00,2026-01-23 20:52:00,,Josh Hubbard,,,
395,STACK MAX - US Extruders,15018.05,closed_lost,,Paid Search,,,2025-02-16,2026-01-23 20:52:00,2026-01-23 20:52:00,,Nate Steele,,,
396,MAX Series - PowerTec Global,36458.0,closed_won,,Paid Search,,,2025-01-03,2026-01-23 20:52:00,2026-01-23 20:52:00,,Nate Steele,,,
397,STACK MAX - Gladwin,324640.0,closed_won,,Paid Search,,,2025-01-07,2026-01-23 20:52:00,2026-01-23 20:52:00,,Nate Steele,,,
398,"STACK MAX - Alloy Specialties, Inc",59055.0,closed_won,,Paid Search,,,2025-01-27,2026-01-23 20:52:01,2026-01-23 20:52:01,,Nate Steele,,,
399,MAX Series - Dant Clayton,40000.0,closed_lost,,Paid Search,,,2025-10-13,2026-01-23 20:52:01,2026-01-23 20:52:01,,Nate Steele,,,
400,MAX Series - Southshore Controls,62213.8,closed_won,,Paid Search,,,2025-01-07,2026-01-23 20:52:01,2026-01-23 20:52:01,,Nate Steele,,,
401,PRO Series - MFMRS,21316.4,closed_lost,,Paid Search,,,2024-11-14,2026-01-23 20:52:01,2026-01-23 20:52:01,,Nate Steele,,,
402,MAX Series - WRICO,32322.35,closed_lost,,Paid Search,,,2025-10-07,2026-01-23 20:52:01,2026-01-23 20:52:01,,Nate Steele,,,
403,MAX Series - United Airlines,30645.5,closed_won,,Paid Search,,,2025-03-11,2026-01-23 20:52:01,2026-01-23 20:52:01,,Nate Steele,,,
404,MAX SERIES - Advics,33190.0,closed_lost,,Paid Search,,,2025-10-13,2026-01-23 20:52:01,2026-01-23 20:52:01,,Josh Hubbard,,,
405,PRO SERIES - Advics,23790.0,closed_lost,,Paid Search,,,2025-10-13,2026-01-23 20:52:01,2026-01-23 20:52:01,,Josh Hubbard,,,
406,MAX STACK - FlaktGroup,79445.0,closed_won,,Paid Search,,,2025-01-03,2026-01-23 20:52:01,2026-01-23 20:52:01,,Nate Steele,,,
407,MAX - Byers Precision,75218.0,closed_won,,Paid Search,,,2025-01-07,2026-01-23 20:52:01,2026-01-23 20:52:01,,Nate Steele,,,
408,STACK MAX: ASC - ES,79186.7,closed_won,,Paid Search,,,2025-01-22,2026-01-23 20:52:01,2026-01-23 20:52:01,,Nate Steele,,,
409,STACK MAX - Paddock Industries,79303.0,closed_won,,Paid Search,,,2024-10-31,2026-01-23 20:52:01,2026-01-23 20:52:01,,Nate Steele,,,
410,MAX Series - Bally,36165.0,closed_won,,Paid Search,,,2024-10-10,2026-01-23 20:52:01,2026-01-23 20:52:01,,Josh Hubbard,,,
411,MAX Series- MAZZELLA,46950.0,closed_won,,Paid Search,,,2024-10-02,2026-01-23 20:52:01,2026-01-23 20:52:01,,Josh Hubbard,,,
412,Shell Corporation (Motion) - MAX SERIES,19564.85,closed_won,,Paid Search,,,2024-10-02,2026-01-23 20:52:01,2026-01-23 20:52:01,,Nate Steele,,,
413,CoCo Metal Craft,39262.0,closed_won,,Paid Search,,,2024-10-09,2026-01-23 20:52:01,2026-01-23 20:52:01,,Nate Steele,,,
414,MAX Series - Eric Miller,102918.1,closed_won,,Paid Search,,,2025-01-09,2026-01-23 20:52:02,2026-01-23 20:52:02,,Nate Steele,,,
415,MAX SERIES - Blok-Loc,41190.0,closed_won,,Paid Search,,,2024-11-11,2026-01-23 20:52:02,2026-01-23 20:52:02,,Josh Hubbard,,,
416,MAX Series- Welage,35190.0,closed_won,,Paid Search,,,2025-02-12,2026-01-23 20:52:02,2026-01-23 20:52:02,,Josh Hubbard,,,
417,PRO SERIES - Henry Construction,35985.0,closed_lost,,Paid Search,,,2025-10-13,2026-01-23 20:52:02,2026-01-23 20:52:02,,Josh Hubbard,,,
418,PRO SERIES - DIGITAL DESIGN,31800.0,closed_won,,Paid Search,,,2024-08-02,2026-01-23 20:52:02,2026-01-23 20:52:02,,Josh Hubbard,,,
419,MAX SERIES - SUPERIOR DUCT,28900.0,closed_won,,Paid Search,,,2024-08-12,2026-01-23 20:52:02,2026-01-23 20:52:02,,Josh Hubbard,,,
420,PRO SERIES - WAGNER ROOFING COMPANY,34230.0,closed_won,,Paid Search,,,2024-07-15,2026-01-23 20:52:02,2026-01-23 20:52:02,,Josh Hubbard,,,
421,MAX SERIES - MSC DIRECT,19500.0,closed_won,,Paid Search,,,2024-07-02,2026-01-23 20:52:02,2026-01-23 20:52:02,,Ray Bishop,,,
422,MAX SERIES - T&T INDUSTRIAL,101500.0,closed_won,,Paid Search,,,2024-05-31,2026-01-23 20:52:02,2026-01-23 20:52:02,,Josh Hubbard,,,
423,MAX SERIES - MARION MOLD,46550.0,closed_won,,Paid Search,,,2024-05-29,2026-01-23 20:52:02,2026-01-23 20:52:02,,Ray Bishop,,,
424,MAX SERIES - SUPERIOR INDUSTRIAL,42300.0,closed_won,,Paid Search,,,2024-05-22,2026-01-23 20:52:02,2026-01-23 20:52:02,,Ray Bishop,,,
425,MAX SERIES - ALLOY SPECIALTIES,40750.0,closed_won,,Paid Search,,,2024-06-12,2026-01-23 20:52:02,2026-01-23 20:52:02,,Josh Hubbard,,,
426,MAX SERIES - BROADWIND 0.1,21900.0,closed_won,,Paid Search,,,2024-03-20,2026-01-23 20:52:02,2026-01-23 20:52:02,,Josh Hubbard,,,
427,MAX SERIES - SUPERIOR INDUSTRIES,66200.0,closed_won,,Paid Search,,,2024-03-21,2026-01-23 20:52:02,2026-01-23 20:52:02,,Josh Hubbard,,,
428,MAX SERIES - COPERION K-TRON,55550.0,closed_won,,Paid Search,,,2024-05-20,2026-01-23 20:52:02,2026-01-23 20:52:02,,Josh Hubbard,,,
429,MAX SERIES - A.C.E.S,32200.0,closed_won,,Paid Search,,,2024-04-29,2026-01-23 20:52:02,2026-01-23 20:52:02,,Josh Hubbard,,,
430,MAX SERIES - CENTERLINE FABRICATION,30750.0,closed_won,,Paid Search,,,2024-05-29,2026-01-23 20:52:03,2026-01-23 20:52:03,,Ray Bishop,,,
431,MAX SERIES - HOHMANN AND BARNARD,80500.0,closed_won,,Paid Search,,,2024-04-03,2026-01-23 20:52:03,2026-01-23 20:52:03,,Josh Hubbard,,,
432,MAX SERIES - VAST SPACE,21500.0,closed_won,,Paid Search,,,2024-02-15,2026-01-23 20:52:03,2026-01-23 20:52:03,,Josh Hubbard,,,
433,MAX SERIES - SLB,72300.0,closed_won,,Paid Search,,,2024-02-29,2026-01-23 20:52:03,2026-01-23 20:52:03,,Josh Hubbard,,,
434,MAX SERIES - MILLER METAL,43950.0,closed_won,,Paid Search,,,2024-04-29,2026-01-23 20:52:03,2026-01-23 20:52:03,,Josh Hubbard,,,
435,MAX SERIES - BROADWIND,24650.0,closed_won,,Paid Search,,,2024-02-14,2026-01-23 20:52:03,2026-01-23 20:52:03,,Josh Hubbard,,,
436,MAX SERIES - WILDKAT PRECISION,22300.0,closed_won,,Paid Search,,,2024-06-11,2026-01-23 20:52:03,2026-01-23 20:52:03,,Josh Hubbard,,,
437,MAX SERIES - RA METALS,175900.0,closed_won,,Paid Search,,,2024-05-24,2026-01-23 20:52:03,2026-01-23 20:52:03,,Josh Hubbard,,,
438,MAX SERIES - Precision Tube,30225.0,closed_won,,Paid Search,,,2024-02-20,2026-01-23 20:52:03,2026-01-23 20:52:03,,Josh Hubbard,,,
439,MAX SERIES - CAP,26900.0,closed_won,,Paid Search,,,2024-03-22,2026-01-23 20:52:03,2026-01-23 20:52:03,,Josh Hubbard,,,
440,MAX SERIES - HAYES,30332.54,closed_won,,Paid Search,,,2024-01-19,2026-01-23 20:52:03,2026-01-23 20:52:03,,Josh Hubbard,,,
441,MAX SERIES - CG MACHINE,29700.0,closed_won,,Paid Search,,,2024-01-10,2026-01-23 20:52:03,2026-01-23 20:52:03,,Josh Hubbard,,,
442,MAX SERIES - HOGAN CONSTRUCTION,77500.0,closed_won,,Paid Search,,,2024-01-11,2026-01-23 20:52:03,2026-01-23 20:52:03,,Josh Hubbard,,,
443,MAX SERIES - MARTINREA,182473.0,closed_won,,Paid Search,,,2024-05-30,2026-01-23 20:52:03,2026-01-23 20:52:03,,Josh Hubbard,,,
444,MAX Series - Raymond Carolina Handling,33426.0,new_deal,,Organic Search,,2026-02-11,,2026-01-23 20:52:03,2026-01-23 20:52:03,,Nate Steele,,,
445,MAX Series | CDT Construction Inc,19195.0,proposal,,Organic Search,,2026-02-04,,2026-01-23 20:52:04,2026-01-23 20:52:04,,Ty Murphree,,,
446,MAX Series | Tristar Metals TN,19995.0,proposal,,Organic Search,,2026-01-28,,2026-01-23 20:52:04,2026-01-23 20:52:04,,Ty Murphree,,,
447,Max Series | KES Global,194869.2,proposal,,Organic Search,,2026-01-21,,2026-01-23 20:52:04,2026-01-23 20:52:04,,Ty Murphree,,,
448,Max Series | Fulcrum Technologies,83325.0,proposal,,Organic Search,,2026-01-21,,2026-01-23 20:52:04,2026-01-23 20:52:04,,Ty Murphree,,,
449,Max Series | Kelley Engineering Equipment,35076.25,closed_won,,Organic Search,,,2026-01-07,2026-01-23 20:52:04,2026-01-23 20:52:04,,Ty Murphree,,,
450,Pro Series | Daniel Hendricks,18246.0,proposal,,Organic Search,,2026-01-15,,2026-01-23 20:52:04,2026-01-23 20:52:04,,Ty Murphree,,,
451,MAX Series - Chatsworth Products,237667.5,closed_won,,Organic Search,,,2026-01-01,2026-01-23 20:52:04,2026-01-23 20:52:04,,Nate Steele,,,
452,MAX Series | Arc Right,29930.63,proposal,,Organic Search,,2025-12-31,,2026-01-23 20:52:04,2026-01-23 20:52:04,,Ty Murphree,,,
453,MAX SERIES | Dynamic Metal,27555.0,negotiation,,Organic Search,,2025-12-26,,2026-01-23 20:52:04,2026-01-23 20:52:04,,Ty Murphree,,,
454,MAX Series | Osprey Filters,32152.3,closed_won,,Organic Search,,,2025-12-05,2026-01-23 20:52:04,2026-01-23 20:52:04,,Ty Murphree,,,
455,MAX Series | A-LOC Machine,16505.66,new_deal,,Organic Search,,2026-01-09,,2026-01-23 20:52:04,2026-01-23 20:52:04,,Nate Steele,,,
456,MAX CART | Arktura,45750.0,negotiation,,Organic Search,,2025-12-21,,2026-01-23 20:52:04,2026-01-23 20:52:04,,Ty Murphree,,,
457,MAX Series | Sage Mechanical,20892.5,closed_won,,Organic Search,,,2025-11-24,2026-01-23 20:52:04,2026-01-23 20:52:04,,Ty Murphree,,,
458,MAX Series | Bonland HVAC,112650.0,negotiation,,Organic Search,,2025-12-21,,2026-01-23 20:52:04,2026-01-23 20:52:04,,Ty Murphree,,,
459,Penn Sheet Metal,47444.4,proposal,,Organic Search,,2025-12-20,,2026-01-23 20:52:04,2026-01-23 20:52:04,,Ty Murphree,,,
460,MAX Series - Peterson Weld,71221.25,new_deal,,Organic Search,,2025-12-17,,2026-01-23 20:52:04,2026-01-23 20:52:04,,Nate Steele,,,
461,MAX SERIES | Robert,35852.5,closed_lost,,Organic Search,,,2025-12-02,2026-01-23 20:52:04,2026-01-23 20:52:04,,Ty Murphree,,,
462,MAX Series - SMART LU 49 JATC,29320.0,new_deal,,Organic Search,,2025-12-14,,2026-01-23 20:52:04,2026-01-23 20:52:04,,Nate Steele,,,
463,MAX Series - Janotta & Herner,42751.0,new_deal,,Organic Search,,2025-12-14,,2026-01-23 20:52:04,2026-01-23 20:52:04,,Nate Steele,,,
464,MAX Series - MKS Construction Group,21669.0,new_deal,,Organic Search,,2025-12-14,,2026-01-23 20:52:05,2026-01-23 20:52:05,,Nate Steele,,,
465,MAX Series - IWEISS,17871.55,closed_won,,Organic Search,,,2025-12-02,2026-01-23 20:52:05,2026-01-23 20:52:05,,Nate Steele,,,
466,MAX Series - Mike Blowers,19435.0,new_deal,,Organic Search,,2025-12-11,,2026-01-23 20:52:05,2026-01-23 20:52:05,,Nate Steele,,,
467,MAX Series - Express Scale,38365.4,new_deal,,Organic Search,,2025-12-10,,2026-01-23 20:52:05,2026-01-23 20:52:05,,Nate Steele,,,
468,Pro Series | Riata Roofing,14416.2,closed_lost,,Organic Search,,,2025-11-17,2026-01-23 20:52:05,2026-01-23 20:52:05,,Ty Murphree,,,
469,MAX SERIES | Montana Fire Pits,29366.2,closed_won,,Organic Search,,,2025-12-23,2026-01-23 20:52:05,2026-01-23 20:52:05,,Ty Murphree,,,
470,MAX Series | NVENT,68675.0,negotiation,,Organic Search,,2025-12-05,,2026-01-23 20:52:05,2026-01-23 20:52:05,,Ty Murphree,,,
471,MAX Series | Sheet Metal Training,26295.0,closed_won,,Organic Search,,,2025-11-13,2026-01-23 20:52:05,2026-01-23 20:52:05,,Ty Murphree,,,
472,Max Series | Copper Pate,40990.0,closed_lost,,Organic Search,,,2025-11-17,2026-01-23 20:52:05,2026-01-23 20:52:05,,Ty Murphree,,,
473,STEELSTACK | Weld Star,16830.15,closed_lost,,Organic Search,,,2026-01-14,2026-01-23 20:52:05,2026-01-23 20:52:05,,Ty Murphree,,,
474,Max Series | Kirk Williams Co,37512.5,closed_lost,,Organic Search,,,2025-11-17,2026-01-23 20:52:05,2026-01-23 20:52:05,,Ty Murphree,,,
475,Max Series | Inventure ENG,23555.0,closed_won,,Organic Search,,,2025-11-05,2026-01-23 20:52:05,2026-01-23 20:52:05,,Ty Murphree,,,
476,MAX Series - KJ Enterprise,27548.65,new_deal,,Organic Search,,2025-11-28,,2026-01-23 20:52:05,2026-01-23 20:52:05,,Nate Steele,,,
477,MAX SERIES | COOL RUNNINGS,21195.0,negotiation,,Organic Search,,2025-11-28,,2026-01-23 20:52:05,2026-01-23 20:52:05,,Ty Murphree,,,
478,MAX Series - Betterton,40375.0,new_deal,,Organic Search,,2025-11-26,,2026-01-23 20:52:05,2026-01-23 20:52:05,,Nate Steele,,,
479,STACK MAX | HELION ENERGY,57485.0,new_deal,,Organic Search,,2025-11-16,,2026-01-23 20:52:05,2026-01-23 20:52:05,,Ray Bishop,,,
480,STEELSTACK | Jeff McPherson,46690.0,closed_lost,,Organic Search,,,2025-11-17,2026-01-23 20:52:05,2026-01-23 20:52:05,,Ty Murphree,,,
481,STEELSTACK | DXPE,19795.5,closed_won,,Organic Search,,,2025-11-19,2026-01-23 20:52:06,2026-01-23 20:52:06,,Ty Murphree,,,
482,STEELSTACK | Schock-MFG,96071.0,closed_won,,Organic Search,,,2025-10-27,2026-01-23 20:52:06,2026-01-23 20:52:06,,Ty Murphree,,,
483,STEELSTACK | 5 x 10 x 8,22967.2,closed_lost,,Organic Search,,,2025-10-30,2026-01-23 20:52:06,2026-01-23 20:52:06,,Ty Murphree,,,
484,STEELSTACK | Professional Fabrications,51985.0,closed_lost,,Organic Search,,,2025-10-15,2026-01-23 20:52:06,2026-01-23 20:52:06,,Ty Murphree,,,
485,STEELSTACK | Tommy Clark,37406.8,closed_won,,Organic Search,,,2025-10-17,2026-01-23 20:52:06,2026-01-23 20:52:06,,Ty Murphree,,,
486,STEELSTACK | Brenthel,35990.0,closed_lost,,Organic Search,,,2025-11-03,2026-01-23 20:52:06,2026-01-23 20:52:06,,Ty Murphree,,,
487,STACK MAX | TWO STATE,24690.0,new_deal,,Organic Search,,2025-11-01,,2026-01-23 20:52:06,2026-01-23 20:52:06,,Ray Bishop,,,
488,MAX SERIES | Interstate Laser,141307.5,negotiation,,Organic Search,,2025-11-01,,2026-01-23 20:52:06,2026-01-23 20:52:06,,Ty Murphree,,,
489,STACK MAX | TNT CNC,45490.0,negotiation,,Organic Search,,2025-10-24,,2026-01-23 20:52:06,2026-01-23 20:52:06,,Ray Bishop,,,
490,STACK MAX | GREG,21995.0,closed_won,,Organic Search,,,2025-11-26,2026-01-23 20:52:06,2026-01-23 20:52:06,,Ty Murphree,,,
491,STACK MAX | DAWSON,17845.0,closed_won,,Organic Search,,,2025-10-03,2026-01-23 20:52:06,2026-01-23 20:52:06,,Ray Bishop,,,
492,STACK MAX | HI-CORP,37190.0,new_deal,,Organic Search,,2025-10-17,,2026-01-23 20:52:06,2026-01-23 20:52:06,,Ray Bishop,,,
493,STACK MAX | TERHERST WELDING AND STEEL,67980.0,new_deal,,Organic Search,,2025-10-16,,2026-01-23 20:52:06,2026-01-23 20:52:06,,Ray Bishop,,,
494,Global Power Components,62485.0,closed_won,,Organic Search,,,2025-09-24,2026-01-23 20:52:06,2026-01-23 20:52:06,,Ray Bishop,,,
495,MAX Series - Louis Froud,42468.2,closed_won,,Organic Search,,,2025-09-30,2026-01-23 20:52:06,2026-01-23 20:52:06,,Nate Steele,,,
496,STACK MAX | ORICS,43290.0,new_deal,,Organic Search,,2025-10-05,,2026-01-23 20:52:06,2026-01-23 20:52:06,,Ray Bishop,,,
497,STACKMAX | GARTH,42585.0,new_deal,,Organic Search,,2025-10-04,,2026-01-23 20:52:06,2026-01-23 20:52:06,,Ray Bishop,,,
498,STACK MAX | HINES ROOFING,21695.0,new_deal,,Organic Search,,2025-09-27,,2026-01-23 20:52:06,2026-01-23 20:52:06,,Ray Bishop,,,
499,STACK MAX | SOLVERS MFG,39390.0,new_deal,,Organic Search,,2025-09-17,,2026-01-23 20:52:06,2026-01-23 20:52:06,,Ray Bishop,,,
500,STACK PRO | CornerStone,20445.0,new_deal,,Organic Search,,2025-09-10,,2026-01-23 20:52:06,2026-01-23 20:52:06,,Ray Bishop,,,
501,STACK MAX | Matthew Fondriest,21545.0,closed_lost,,Organic Search,,,2025-10-14,2026-01-23 20:52:06,2026-01-23 20:52:06,,Ray Bishop,,,
502,STACK MAX | TRUCK CORP LLC,62085.0,new_deal,,Organic Search,,2025-09-04,,2026-01-23 20:52:07,2026-01-23 20:52:07,,Ray Bishop,,,
503,STACK MAX | Heritage Fabrication,18395.0,new_deal,,Organic Search,,2025-08-27,,2026-01-23 20:52:07,2026-01-23 20:52:07,,Ray Bishop,,,
504,STACK MAX | The Shyft Group,250940.0,closed_lost,,Organic Search,,,2025-10-14,2026-01-23 20:52:07,2026-01-23 20:52:07,,Ray Bishop,,,
505,STACK MAX | D & B Fabricators,42990.0,closed_lost,,Organic Search,,,2025-10-14,2026-01-23 20:52:07,2026-01-23 20:52:07,,Ray Bishop,,,
506,STACK MAX | Bradley Iron,42190.0,negotiation,,Organic Search,,2025-08-07,,2026-01-23 20:52:07,2026-01-23 20:52:07,,Ray Bishop,,,
507,STACK MAX | SPACE X,391790.0,closed_lost,,Organic Search,,,2025-10-14,2026-01-23 20:52:07,2026-01-23 20:52:07,,Ray Bishop,,,
508,Nyati Services,29057.2,new_deal,,Organic Search,,2026-02-18,,2026-01-23 20:52:07,2026-01-23 20:52:07,,Nate Steele,,,
509,Dogwood Industries,89730.0,negotiation,,Organic Search,,2025-07-06,,2026-01-23 20:52:07,2026-01-23 20:52:07,,Josh Hubbard,,,
510,Rio Tinto,17995.0,closed_won,,Organic Search,,,2025-06-11,2026-01-23 20:52:07,2026-01-23 20:52:07,,Josh Hubbard,,,
511,University of Arkansas,19772.0,closed_won,,Organic Search,,,2025-06-05,2026-01-23 20:52:07,2026-01-23 20:52:07,,Nate Steele,,,
512,RMG Custom Metal,34990.0,closed_lost,,Organic Search,,,2025-10-13,2026-01-23 20:52:07,2026-01-23 20:52:07,,Josh Hubbard,,,
513,MAX Series - RNC-Co Inc.,16995.0,closed_won,,Organic Search,,,2025-06-11,2026-01-23 20:52:07,2026-01-23 20:52:07,,Nate Steele,,,
514,OLYMPIC STEEL,679830.0,new_deal,,Organic Search,,2025-06-10,,2026-01-23 20:52:07,2026-01-23 20:52:07,,Nate Steele,,,
515,MAX Series - Worth Products,22185.65,closed_lost,,Organic Search,,,2025-10-02,2026-01-23 20:52:07,2026-01-23 20:52:07,,Nate Steele,,,
516,Max Cassettes - Standard Industrial,14771.05,closed_won,,Organic Search,,,2025-05-13,2026-01-23 20:52:07,2026-01-23 20:52:07,,Nate Steele,,,
517,MAX Series - Bender Steel,87793.5,closed_lost,,Organic Search,,,2025-10-03,2026-01-23 20:52:07,2026-01-23 20:52:07,,Nate Steele,,,
518,Hitachi Energy - New Deal,40998.02,closed_won,,Organic Search,,,2025-02-26,2026-01-23 20:52:07,2026-01-23 20:52:07,,Josh Hubbard,,,
519,MAX Series - Standard Industrial,117612.1,closed_won,,Organic Search,,,2025-03-04,2026-01-23 20:52:07,2026-01-23 20:52:07,,Nate Steele,,,
520,MAX Series - Siemens,9267.1,closed_won,,Organic Search,,,2025-03-03,2026-01-23 20:52:07,2026-01-23 20:52:07,,Nate Steele,,,
521,MAX Series - Bauer Welding,22694.85,closed_won,,Organic Search,,,2025-02-28,2026-01-23 20:52:08,2026-01-23 20:52:08,,Nate Steele,,,
522,STACK MAX - Amp-Group,7497.5,closed_won,,Organic Search,,,2024-12-02,2026-01-23 20:52:08,2026-01-23 20:52:08,,Nate Steele,,,
523,MAX Series - Katleman Steel Fabrication,20945.15,closed_won,,Organic Search,,,2024-12-09,2026-01-23 20:52:08,2026-01-23 20:52:08,,Nate Steele,,,
524,STACK MAX - Ithaca Mfg.,41062.7,closed_lost,,Organic Search,,,2024-11-20,2026-01-23 20:52:08,2026-01-23 20:52:08,,Nate Steele,,,
525,MAX SERIES - HITACHI,42049.25,closed_won,,Organic Search,,,2024-11-19,2026-01-23 20:52:08,2026-01-23 20:52:08,,Josh Hubbard,,,
526,MAX Series - CMF,29050.0,closed_won,,Organic Search,,,2024-09-18,2026-01-23 20:52:08,2026-01-23 20:52:08,,Josh Hubbard,,,
527,Metal Components,413278.0,closed_lost,,Organic Search,,,2025-10-06,2026-01-23 20:52:08,2026-01-23 20:52:08,,Nate Steele,,,
528,"Katelman Steel Fabrication, Inc.",20945.15,closed_won,,Organic Search,,,2024-09-24,2026-01-23 20:52:08,2026-01-23 20:52:08,,Nate Steele,,,
529,MAX SERIES - DOOSAN,343160.0,closed_won,,Organic Search,,,2024-06-04,2026-01-23 20:52:08,2026-01-23 20:52:08,,Josh Hubbard,,,
530,MAX SERIES - AMACS,84400.0,closed_won,,Organic Search,,,2024-03-26,2026-01-23 20:52:08,2026-01-23 20:52:08,,Josh Hubbard,,,
531,MAX SERIES - GAT Finishing Systems,29700.0,closed_won,,Organic Search,,,2024-01-23,2026-01-23 20:52:08,2026-01-23 20:52:08,,Josh Hubbard,,,
532,CMS / ERM,38205.75,closed_won,,,,,2026-01-06,2026-01-23 20:52:08,2026-01-23 20:52:08,,Nate Steele,,,
533,MAX Series - Metal Supermarkets,84661.45,closed_lost,,,,,2025-10-06,2026-01-23 20:52:08,2026-01-23 20:52:08,,Nate Steele,,,
534,MAX Series - NWI Fabrication,49124.25,closed_lost,,,,,2025-10-03,2026-01-23 20:52:08,2026-01-23 20:52:08,,Nate Steele,,,
535,TEST- INVOICE INFO,0.1,new_deal,,,,2024-12-26,,2026-01-23 20:52:08,2026-01-23 20:52:08,,Josh Hubbard,,,
536,MAX SERIES - RALPH JONES SHEET METAL,84640.0,closed_won,,,,,2024-04-02,2026-01-23 20:52:08,2026-01-23 20:52:08,,Josh Hubbard,,,
537,CUSTOM - ESG (HEIL),52000.0,closed_won,,,,,2024-05-17,2026-01-23 20:52:08,2026-01-23 20:52:08,,Josh Hubbard,,,
538,Torch Technolgies,80326.85,closed_won,None,Organic Search,None,,2025-06-17,2026-01-23 21:32:36,2026-01-23 21:37:20,None,Nate Steele,,17,
539,MAX Series - Palomar College,47882.0,closed_won,,Organic Search,,,2025-10-07,2026-01-23 21:42:36,2026-01-23 21:42:36,,,,,
540,MAX Series - Sync Storage Solutions,47857.1,closed_won,,Organic Search,,,2025-04-04,2026-01-23 21:43:46,2026-01-23 21:43:46,,,,,
541,MAX Series - Weldhouse,40535.0,closed_won,,Organic Search,,,2025-03-11,2026-01-23 21:45:26,2026-01-23 21:45:26,,,,,
542,PRO SERIES - PRC ROOFING,7995.0,closed_won,,Organic Search,,,2025-02-27,2026-01-23 21:46:27,2026-01-23 21:46:27,,,,,
543,MAX Series - Senior Flexonics Pathway,99472.1,closed_won,,Paid Search,,,2025-06-17,2026-01-23 21:47:44,2026-01-23 21:47:44,,,,,
544,MAX Series - NASSAL,64294.05,closed_won,,Paid Search,,,2025-06-16,2026-01-23 21:49:45,2026-01-23 21:49:45,,,,,
545,MAX Series - ASC Engineered Solutions,43196.7,closed_won,,Paid Search,,,2025-04-04,2026-01-23 21:50:20,2026-01-23 21:50:20,,,,,
546,MAX Series - Malibu Boats,40517.0,closed_won,,Paid Search,,,2025-02-18,2026-01-23 21:51:05,2026-01-23 21:51:05,,,,,
547,MAX Series - Eddy's Welding,40480.95,closed_won,,Paid Search,,,2025-04-30,2026-01-23 21:52:53,2026-01-23 21:52:53,,,,,
548,STACK MAX | SPF,39990.0,closed_won,,Paid Search,,,2025-08-29,2026-01-23 21:53:47,2026-01-23 21:53:47,,,,,
549,PRO Series - Machine Spec,36067.0,closed_won,,Paid Search,,,2025-03-14,2026-01-23 21:54:27,2026-01-23 21:54:27,,,,,
550,NEW PRO - Ametek,25444.55,closed_won,,Paid Search,,,2025-06-19,2026-01-23 21:54:40,2026-01-23 21:54:40,,,,,
551,MAX Series - Hohmann & Barnard,24945.25,closed_won,,Paid Search,,,2025-04-03,2026-01-23 21:55:47,2026-01-23 21:55:47,,,,,
552,MAX SERIES - BOLTSWITCH,21945.0,closed_won,,Paid Search,,,2025-03-10,2026-01-23 21:56:23,2026-01-23 21:56:23,,,,,
553,MAX Series - Dallas Machine Shop,41950.65,closed_won,,Paid Social,,,2025-03-31,2026-01-23 22:00:11,2026-01-23 22:00:11,,,,,
554,MAX Series - R & R Roofing,22801.0,closed_won,,Paid Social,,,2025-11-20,2026-01-23 22:01:08,2026-01-23 22:01:08,,,,,
555,PRO Series - NJIT,11547.05,closed_won,,Paid Social,,,2025-06-11,2026-01-23 22:01:23,2026-01-23 22:01:23,,,,,
556,STACK MAX - Reading Truck,90295.25,closed_won,,Direct Traffic,,,2025-03-06,2026-01-23 22:02:54,2026-01-23 22:02:54,,,,,
557,MAX Series - RSA Works,34230.7,closed_won,,Organic Search,,,2025-04-04,2026-01-23 22:05:41,2026-01-23 22:05:41,,,,,
558,Pik Rite - New Deal,55625.0,closed_won,,Organic Search,,,2025-02-27,2026-01-23 22:05:41,2026-01-23 22:05:41,,,,,
